blind_id,artist,track_title,collection,preview_url,source_query
p0001.ogg,The Vivaldi Players,"Concerto No. 1 in E Major, Op. 8, RV 269 ""Spring"": I. Allegro",Vivaldi - The Four Seasons,https://audio-ssl.itunes.apple.com/itunes-assets/AudioPreview115/v4/9e/ae/0f/9eae0f88-9f9e-0f9f-505b-9953f9f76640/mzaf_9447487264450342886.plus.aac.p.m4a,baroque classical
p0002.ogg,Yo-Yo Ma,"Cello Suite No. 1 in G Major, BWV 1007: I. Prélude","Bach: Cello Suites Nos. 1-6, BWV 1007-1012 (2009 Remaster)",https://audio-ssl.itunes.apple.com/itunes-assets/AudioPreview221/v4/92/5e/0a/925e0a0d-f33d-a493-f50a-2fa9bcbdd746/mzaf_352011344661116690.plus.aac.p.m4a,baroque classical
p0003.ogg,Simon Preston,"Toccata and Fugue in D Minor, BWV 565: I. Toccata",J.S. Bach: Toccata and Fugue BWV 565,https://audio-ssl.itunes.apple.com/itunes-assets/AudioPreview115/v4/c7/01/3a/c7013a38-e17e-548f-579d-3cf7e6b7f0b5/mzaf_828998276981843145.plus.aac.p.m4a,baroque classical
p0004.ogg,I Virtuosi Italiani & Daniel Hope,Experience,In a Time Lapse,https://audio-ssl.itunes.apple.com/itunes-assets/AudioPreview221/v4/ab/9a/93/ab9a931d-93d3-71f8-8faf-73366409df82/mzaf_5843577385542178088.plus.aac.p.m4a,baroque classical
p0005.ogg,Avi Avital & Venice Baroque Orchestra,"Mandolin Concerto in C Major, RV 425: I. Allegro",Vivaldi,https://audio-ssl.itunes.apple.com/itunes-assets/AudioPreview115/v4/6d/8e/d3/6d8ed310-c11d-4803-26d2-7048919bea0a/mzaf_13066034613568786522.plus.aac.p.m4a,baroque classical
p0006.ogg,Jean-François Paillard & Orchestre de Chambre Jean-François Paillard,Canon and Gigue for Three Violins and Continuo in D Major: Canon,"Pachelbel: Canon - Albinoni: Adagio - Bach, Bonporti, Molter: Works",https://audio-ssl.itunes.apple.com/itunes-assets/AudioPreview211/v4/e2/7a/b2/e27ab2f3-b24f-f61e-7b3a-762cb2fb8eaa/mzaf_2284114874268055912.plus.aac.p.m4a,baroque classical
p0007.ogg,Jeneba Kanneh-Mason,"Suite in B-Flat Major, HWV 434: IV. Menuet",Jane Austen's Piano - EP,https://audio-ssl.itunes.apple.com/itunes-assets/AudioPreview221/v4/38/5a/39/385a39ee-e497-ed83-f024-99d4fd604083/mzaf_15366219123269356525.plus.aac.p.m4a,baroque classical
p0008.ogg,Daniel Barenboim,"The Well-Tempered Clavier, Book I: Prelude No. 1 in C Major, BWV 846",Bach: Well-Tempered Clavier Books 1 & 2,https://audio-ssl.itunes.apple.com/itunes-assets/AudioPreview211/v4/f8/83/08/f88308f9-4fcb-bbcc-0c14-2e5ba0246b5b/mzaf_1297315658219999303.plus.aac.p.m4a,baroque classical
p0009.ogg,Alexandre Tharaud,"Pieces de clavecin, Book 3: Le Tic-Toc-Choc Ou Les Maillotins (18e Ordre)",Couperin: Tic Toc Choc,https://audio-ssl.itunes.apple.com/itunes-assets/AudioPreview115/v4/95/72/2e/95722ed2-a866-5946-fcfd-9191f1e5adc0/mzaf_6965089949560521706.plus.aac.p.m4a,baroque classical
p0010.ogg,"Hilary Hahn, Margaret Batjer, Los Angeles Chamber Orchestra & Jeffrey Kahane","Concerto for 2 Violins, Strings, and Continuo in D Minor, BWV 1043: 2. Largo ma non tanto",J.S. Bach: Violin Concertos,https://audio-ssl.itunes.apple.com/itunes-assets/AudioPreview115/v4/0f/fd/ab/0ffdabff-a8c2-c8a3-3d9d-506deafee7ed/mzaf_2620049348491303659.plus.aac.p.m4a,baroque classical
p0011.ogg,"Andreas Scholl, Collegium Vocale Gent & Philippe Herreweghe","St. Matthew Passion, BWV 244, Part 2 : No. 39. Aria (Alt) ""Erbarme Dich""",Erbarme Dich - Old SOTW,https://audio-ssl.itunes.apple.com/itunes-assets/AudioPreview125/v4/e5/04/b3/e504b37f-9515-3832-9a92-59325b1fe4ea/mzaf_2901406468461083015.plus.aac.p.m4a,baroque classical
p0012.ogg,"Bernard Labadie, Les Violons du Roy & Alexandre Tharaud","Keyboard Concerto in D Minor, BWV 974: II Adagio","J.S. Bach: Piano Concertos BWV1052, 1054, 1056, 1058, 1065",https://audio-ssl.itunes.apple.com/itunes-assets/AudioPreview115/v4/11/33/1d/11331da7-4e0a-bbea-2e5e-086c04c89154/mzaf_1012703983551613338.plus.aac.p.m4a,baroque classical
p0013.ogg,Murray Perahia & Academy of St Martin in the Fields,"Keyboard Concerto No. 2 in E Major, BWV 1053: II. Siciliano","Bach: Keyboard Concertos, Vol. 1",https://audio-ssl.itunes.apple.com/itunes-assets/AudioPreview116/v4/ec/f4/75/ecf47568-9f42-5591-604b-35988402c4c3/mzaf_4903129300143465726.plus.aac.p.m4a,baroque classical
p0014.ogg,"David Oistrakh, Georg Fischer & Vienna Symphony","Violin Concerto No.1 In A Minor, BWV 1041: 1. Allegro moderato",Violin Concertos & Violin Romances,https://audio-ssl.itunes.apple.com/itunes-assets/AudioPreview125/v4/53/cd/6d/53cd6d30-e0c9-128e-42e0-19cbe06778fb/mzaf_13117798799022327732.plus.aac.p.m4a,baroque classical
p0015.ogg,"Alison McGillivary, Maggie Cole & Philippa Davies","Sonata for Flute in E Major, BWV 1035: III. Siciliano","Bach: Flute Sonatas BWV 1030-32, 1034 & 1035",https://audio-ssl.itunes.apple.com/itunes-assets/Music7/v4/f2/ee/33/f2ee3398-0c89-00a4-3820-084ac343ba22/mzaf_1971607805419024765.plus.aac.p.m4a,baroque classical
p0016.ogg,"Jean-Christophe Spinosi, Ensemble Matheus & Philippe Jaroussky","Nisi Dominus, RV 608: IV. Cum Dederit",Vivaldi: Nisi Dominus & Stabat Mater,https://audio-ssl.itunes.apple.com/itunes-assets/AudioPreview115/v4/28/9b/fd/289bfd46-e0cf-20d6-3280-28cf9f7bc27e/mzaf_9563831390395828971.plus.aac.p.m4a,baroque classical
p0017.ogg,Collegium Vocale Gent & Philippe Herreweghe,"Cantata No. 29, ""Wir Danken Dir, Gott, Wir Danken Dir"", BWV 29: No. 1. Sinfonia","Bach: Cantatas BWV 29, 119 & 120",https://audio-ssl.itunes.apple.com/itunes-assets/AudioPreview115/v4/4c/e9/fb/4ce9fb60-e2d7-618f-ef03-98dc8d224c40/mzaf_5854073310212986255.plus.aac.p.m4a,baroque classical
p0018.ogg,Víkingur Ólafsson,"Goldberg Variations, BWV 988: Aria",J. S. Bach: Goldberg Variations,https://audio-ssl.itunes.apple.com/itunes-assets/AudioPreview211/v4/4a/26/87/4a268794-82ba-c9ff-c5b2-a5238a33237a/mzaf_7121046192339946178.plus.aac.p.m4a,baroque classical
p0019.ogg,Jean-Guihen Queyras,"Cello Suite No. 1 in G Major, BWV 1007: I. Prélude",Bach: Complete Cello Suites,https://audio-ssl.itunes.apple.com/itunes-assets/AudioPreview115/v4/50/1b/81/501b81bd-a364-9b50-4d46-fa35065dc408/mzaf_9384866321833343156.plus.aac.p.m4a,baroque classical
p0020.ogg,"James Bowman, Academy of Ancient Music & Christopher Hogwood","Nisi Dominus (Psalm 126), R. 608: IV. ""Cum dederit"" (Andante)",Vivaldi: Stabat Mater - Concerto in G Minor - Nisi Dominus,https://audio-ssl.itunes.apple.com/itunes-assets/AudioPreview125/v4/1b/ec/0a/1bec0a86-2b67-7495-24e3-5bd05d903ec8/mzaf_8176423854070752498.plus.aac.p.m4a,baroque classical
p0021.ogg,Glenn Gould,"Goldberg Variations, BWV 988 (1955 Recording): Aria","Bach: Goldberg Variations, BWV 988 (The 1955 & 1981 Recordings)",https://audio-ssl.itunes.apple.com/itunes-assets/AudioPreview211/v4/eb/af/19/ebaf1951-bd44-9526-f240-b73ff37168e9/mzaf_11387021779103602260.plus.aac.p.m4a,baroque classical
p0022.ogg,Igor Levit,"10 Chorale Preludes, BV B 27: No. 5, Ich ruf zu dir, Herr Jesu Christ, BWV 639",Encounter,https://audio-ssl.itunes.apple.com/itunes-assets/AudioPreview115/v4/e9/7d/eb/e97deb39-214d-513b-2d1b-8e1dbe675a72/mzaf_5494983721742235652.plus.aac.p.m4a,baroque classical
p0023.ogg,"Eriko Sato, Orpheus Chamber Orchestra & Edward Brewer",Adagio for Strings and Organ in G Minor: Adagio - Beginning,Albinoni: Adagio,https://audio-ssl.itunes.apple.com/itunes-assets/AudioPreview115/v4/3f/31/c2/3f31c2d1-03ac-7e94-4d61-485deb2206ea/mzaf_14708577136086904809.plus.aac.p.m4a,baroque classical
p0024.ogg,Yunchan Lim,"Goldberg Variations, BWV 988: Var. 15. Canone alla Quinta a 1 Clav. Andante (Live at Carnegie Hall, New York, 2025)","J.S. Bach: Goldberg Variations (Live at Carnegie Hall, New York, 2025)",https://audio-ssl.itunes.apple.com/itunes-assets/AudioPreview211/v4/a5/d8/0f/a5d80f04-da62-842c-3d8f-bf0518b2a0d4/mzaf_311557643763905323.plus.aac.p.m4a,baroque classical
p0025.ogg,"Sara Mingardo, Furio Zanasi, Le Concert des Nations, Jordi Savall, Adriana Fernandez, Gloria Banditelli, Cinzia Forte & Fulvio Bettini","Farnace, RV 711: Sinfonia: II. Andante-Allegro",Vivaldi: Farnace,https://audio-ssl.itunes.apple.com/itunes-assets/AudioPreview115/v4/21/e9/2f/21e92f10-1e51-b810-c5d5-a92332499584/mzaf_8966672310732532731.plus.aac.p.m4a,baroque classical
p0026.ogg,Les Chambristes de Ville-Marie,"Motet O qui coeli terræque in E flat major for soprano, strings and continuo: 3 Aria (largo)",Vivaldi: Motets for soprano,https://audio-ssl.itunes.apple.com/itunes-assets/AudioPreview125/v4/11/64/3c/11643c15-6e56-ff12-639f-179bf723be8f/mzaf_13697702064860308400.plus.aac.p.m4a,baroque classical
p0027.ogg,Lise de la Salle,Fantaisie Chromatique en Ré Mineur BWV 903,Bach - Liszt,https://audio-ssl.itunes.apple.com/itunes-assets/AudioPreview125/v4/b3/a2/7c/b3a27c6a-6896-2af4-92a1-ba5519e92d12/mzaf_150660639722485352.plus.aac.p.m4a,baroque classical
p0028.ogg,Daniil Trifonov,"The Art Of Fugue, BWV 1080: [Contrapunctus 14] (Compl. by Daniil Trifonov)",BACH: The Art of Life,https://audio-ssl.itunes.apple.com/itunes-assets/AudioPreview221/v4/5a/67/49/5a67495f-e3c9-f264-705b-d23f1a370586/mzaf_7573540038261803586.plus.aac.p.m4a,baroque classical
p0029.ogg,"Janine Jansen, Candida Thompson, Henk Rubingh, Julian Rachlin, Stacey Watton, Maarten Jansen, Liz Kenny & Jan Jansen","The Four Seasons, Concerto No. 1 in E Major, RV 269 ""Spring"": I. Allegro",Vivaldi: The Four Seasons,https://audio-ssl.itunes.apple.com/itunes-assets/AudioPreview221/v4/f2/8f/68/f28f6895-7a06-d31a-44dd-793547a6df51/mzaf_12653726587337334056.plus.aac.p.m4a,baroque classical
p0030.ogg,Freiburger Barockorchester,"Orchestral Suite No. 3 in D Major, BWV 1068: II. Aria",J.S. Bach: Orchestral Suites Nos. 1-4,https://audio-ssl.itunes.apple.com/itunes-assets/AudioPreview221/v4/8f/e5/03/8fe503d7-605b-8b7b-6c77-dc823fb0e494/mzaf_9565283719798726306.plus.aac.p.m4a,baroque classical
p0031.ogg,"Avi Avital, Alon Sariel & Venice Baroque Orchestra","Concerto for 2 Mandolins in G Major, RV 532: III. Allegro",Art of the Mandolin,https://audio-ssl.itunes.apple.com/itunes-assets/AudioPreview115/v4/a3/a5/90/a3a5902f-1c21-6db5-1927-1a4784ac5ba9/mzaf_15212870291362660754.plus.aac.p.m4a,baroque classical
p0032.ogg,"Andreas Scholl, Chiara Banchini & Ensemble 415","Stabat Mater in F Minor, RV 621: IV. Quis Est Homo",Vivaldi: Stabat Mater,https://audio-ssl.itunes.apple.com/itunes-assets/AudioPreview115/v4/5f/28/d1/5f28d1fc-f3c8-7811-19d9-59a9b01c4d75/mzaf_8202702480054975886.plus.aac.p.m4a,baroque classical
p0033.ogg,"La Serenissima, Adrian Chandler, Gail Hennessy & Rachel Chaplin","Concerto for Strings in G Major, RV 151 ""Alla Rustica"": I. Presto",The Italian Job,https://audio-ssl.itunes.apple.com/itunes-assets/AudioPreview125/v4/c7/e6/03/c7e603db-8cb2-b715-e92b-3d73312f1bee/mzaf_16941706914638626085.plus.aac.p.m4a,baroque classical
p0034.ogg,"Jakub Józef Orliński, Francesco Corti & Il Pomo d'Oro",Laudate pueri: IV. Gloria,Anima Aeterna,https://audio-ssl.itunes.apple.com/itunes-assets/AudioPreview221/v4/78/fa/bc/78fabcb0-99c1-e0a3-dc05-4a105f0546e7/mzaf_2031020019911045512.plus.aac.p.m4a,baroque classical
p0035.ogg,"Alexis Kossenko, Le Jeune Choeur de Paris, Les Ambassadeurs & Sabine Devieilhe","Les Indes Galantes: ""Forêts paisibles"" (Les sauvages)",Rameau: Le Grand Théâtre de l'amour,https://audio-ssl.itunes.apple.com/itunes-assets/AudioPreview115/v4/77/ce/86/77ce86c8-6516-1453-095e-20aa79e66b98/mzaf_5442533805782989022.plus.aac.p.m4a,baroque classical
p0036.ogg,Gerard Cousins,"Suite in D Minor, HWV 448: IV. Sarabande I (Arr. for Guitar by Gerard Cousins)","1685: J. S. Bach, Handel, Scarlatti - EP",https://audio-ssl.itunes.apple.com/itunes-assets/AudioPreview221/v4/a4/5b/af/a45baf42-0042-f0b3-eeb4-08cd387f4975/mzaf_5676777663192700238.plus.aac.p.m4a,baroque classical
p0037.ogg,"Christopher Hogwood, Christophe Coin & Academy of Ancient Music","Cello Concerto in C Minor, R.401: 1. Allegro Non Molto",Vivaldi: 6 Cello Concertos,https://audio-ssl.itunes.apple.com/itunes-assets/AudioPreview125/v4/f9/7c/cf/f97ccf64-9ded-1943-241a-aae7589c63c0/mzaf_1339907202036253177.plus.aac.p.m4a,baroque classical
p0038.ogg,"Jean-Christophe Spinosi, Sébastien Marcq & Ensemble Matheus","Concerto in G Minor ""la Notte"", Rv439 : I. Largo","Vivaldi: la Notte, la Tempesta di Mare, Il Gardellino",https://audio-ssl.itunes.apple.com/itunes-assets/AudioPreview115/v4/89/44/ee/8944ee24-dac2-4236-dfe2-6771cad4b3d6/mzaf_4260170083479366536.plus.aac.p.m4a,baroque classical
p0039.ogg,Rachel Podger & Brecon Baroque,"Violin Concerto in F Minor, Op. 8 No. 4, RV 297 ""L'inverno"": I. Allegro non molto. Aggiacciato tremar trà nevi algenti",Vivaldi: Le Quattro Stagioni,https://audio-ssl.itunes.apple.com/itunes-assets/AudioPreview126/v4/cc/90/ec/cc90ec8b-9347-5f7e-412d-2e97da0e0f8f/mzaf_8417436443942081384.plus.aac.p.m4a,baroque classical
p0040.ogg,"Jean-Christophe Spinosi, Marie-Nicole Lemieux, Ensemble Matheus & Philippe Jaroussky","La fida ninfa: Scena 3 (Duetto Dimmi pastore Ninfa ti spiega) [Elpina, Osmino]",Vivaldi: La fida ninfa,https://audio-ssl.itunes.apple.com/itunes-assets/AudioPreview115/v4/d1/b6/ab/d1b6ab95-58ec-1aa9-8af4-dcbba6cbcb56/mzaf_12285401205054540843.plus.aac.p.m4a,baroque classical
p0041.ogg,"Ton Koopman, Yo-Yo Ma, Amsterdam Baroque Orchestra & Jonathan Manson","Concerto in G Minor for 2 Cellos, Strings and Basso continuo, RV 531: I. Allegro",Vivaldi's Cello (Remastered),https://audio-ssl.itunes.apple.com/itunes-assets/AudioPreview211/v4/7d/13/7f/7d137faa-6ae1-bd37-e24d-a349b71abfb3/mzaf_15733244559265586004.plus.aac.p.m4a,baroque classical
p0042.ogg,"Magdalena Kožená, Alessandro De Marchi & Academia Montis Regalis","Juditha Triumphans: Juditha Aria ""Veni, me sequere fida""",Ladies Sing Baroque,https://audio-ssl.itunes.apple.com/itunes-assets/AudioPreview125/v4/27/fc/b0/27fcb059-bb8d-e4e5-0ed8-35882081b1ec/mzaf_4212011422174579742.plus.aac.p.m4a,baroque classical
p0043.ogg,Ivo Pogorelich,"English Suite No. 2 in A Minor, BWV 807: 1. Prelude",Bach: English Suites No. 2 & 3 and Scarlatti: 4 Sonatas,https://audio-ssl.itunes.apple.com/itunes-assets/AudioPreview125/v4/67/db/ee/67dbee2a-481f-699f-4064-c3e7818a103c/mzaf_7737458052093619523.plus.aac.p.m4a,baroque classical
p0044.ogg,"London Philharmonic Orchestra, Itzhak Perlman & Rodney Friend","The Four Seasons, Concerto No. 2 in G Minor, RV 315 ""Summer"": III. Presto (Tempo impetuoso d""estate)",Vivaldi: The Four Seasons,https://audio-ssl.itunes.apple.com/itunes-assets/AudioPreview221/v4/51/7c/9e/517c9e63-958a-19ff-ba6b-9d08aab986f5/mzaf_18253196119470781448.plus.aac.p.m4a,baroque classical
p0045.ogg,Accademia Bizantina & Ottavio Dantone,"Cantata No. 142, BWV 142 - ""Uns ist ein Kind Geoboren"": Concerto",Bach: Sinfonia,https://audio-ssl.itunes.apple.com/itunes-assets/AudioPreview125/v4/79/7b/03/797b0376-2fd0-a9a5-45cf-60b30ba6f6cb/mzaf_13085235905718941202.plus.aac.p.m4a,baroque classical
p0046.ogg,Duo Tartini,"Sonata for Violin and Cello in G Major, B. G7: I. Larghetto","Continuo, Addio!",https://audio-ssl.itunes.apple.com/itunes-assets/AudioPreview115/v4/f6/dd/da/f6dddadc-b1f6-e0c6-5d4d-b9a16b8d294c/mzaf_16324862629008364118.plus.aac.p.m4a,baroque classical
p0047.ogg,Academy of Ancient Music & Andrew Manze,"Concerto Grosso No. 12 in B Minor, HWV 330: II. Allegro","Handel: Concerti Grossi, Op. 6 Nos. 1-12",https://audio-ssl.itunes.apple.com/itunes-assets/AudioPreview115/v4/a5/91/ef/a591ef6e-f32d-ee7f-dcb6-d228b2bebe6e/mzaf_7046730602115557023.plus.aac.p.m4a,baroque classical
p0048.ogg,"Monteverdi Choir, John Eliot Gardiner & English Baroque Soloists","Israel in Egypt, Pt. 1: Exodus: No. 7 - Chorus: ""He Gave Them Hailstones""",Handel: Israel in Egypt,https://audio-ssl.itunes.apple.com/itunes-assets/AudioPreview125/v4/5f/20/61/5f20616e-8c8e-8450-967e-0932940d1168/mzaf_557051168367718977.plus.aac.p.m4a,baroque classical
p0049.ogg,"Academy of Ancient Music, Christopher Hogwood & Christophe Coin","Cello Concerto in A Minor, R.418: 1. Allegro",Vivaldi: 6 Cello Concertos,https://audio-ssl.itunes.apple.com/itunes-assets/AudioPreview125/v4/5b/8c/7a/5b8c7a86-7b8c-8e79-4075-d4458443a471/mzaf_5213101787084341468.plus.aac.p.m4a,baroque classical
p0050.ogg,Bruce Liu,"Nouvelles suites de pièces de clavecin, RCT 5: No. 7, Gavotte et six doubles: Gavotte","WAVES: Music by Rameau, Ravel, Alkan",https://audio-ssl.itunes.apple.com/itunes-assets/AudioPreview211/v4/46/73/44/4673442e-ebf5-54fd-1c92-8881b81736fa/mzaf_17400334019302771093.plus.aac.p.m4a,baroque classical
p0051.ogg,"Rinaldo Alessandrini, Concerto Italiano & Laura Giordano","L'Olimpiade, Opéra in 3 Acts, RV 725: Act II, 5: Aria ""Siam Navi All'onde Algenti"" Allegro mà poco",Vivaldi: l'Olimpiade,https://audio-ssl.itunes.apple.com/itunes-assets/AudioPreview115/v4/7c/15/09/7c15096a-ef37-b9de-c4b9-8c29b2b09ee9/mzaf_6442418603195710608.plus.aac.p.m4a,baroque classical
p0052.ogg,Jeannette Sorrell & Apollo's Fire,"La Folia - ""Madness"": Concerto grosso, after the Sonata No. 12, Op. 1",Vivaldi: La Folia (Madness) & Other Concertos,https://audio-ssl.itunes.apple.com/itunes-assets/AudioPreview115/v4/52/83/ba/5283ba93-a24d-b29c-73ad-b27492595380/mzaf_795291470288047656.plus.aac.p.m4a,baroque classical
p0053.ogg,Tedi Papavrami,"6 Violin Sonatas and Partitas: Sonata No. 1 in G Minor, BWV 1001: II. Fuga. Allegro","Bach, Paganini, Bartók, Scarlatti & Ysaÿe: Violon seul",https://audio-ssl.itunes.apple.com/itunes-assets/AudioPreview125/v4/0e/bb/07/0ebb07ee-ca5e-c47a-f705-37e220d642f4/mzaf_3946694263513212468.plus.aac.p.m4a,baroque classical
p0054.ogg,"Ensemble Matheus, Jean-Christophe Spinosi & Philippe Jaroussky",Andromeda liberata: Sovente il sole (Perseo),Vivaldi: Heroes,https://audio-ssl.itunes.apple.com/itunes-assets/AudioPreview115/v4/c1/fc/d7/c1fcd7bb-f9b0-c65e-5eda-960d1e192dfb/mzaf_9341280524176071578.plus.aac.p.m4a,baroque classical
p0055.ogg,"Alessandro De Marchi, Academia Montis Regalis & Magdalena Kožená","Juditha Triumphans, RV 644: Seconda Parte: Aria - Transit aetas",Vivaldi: Juditha Triumphans,https://audio-ssl.itunes.apple.com/itunes-assets/AudioPreview115/v4/86/1c/bb/861cbb8b-4a6e-87f7-f239-49abac127028/mzaf_11455720460906657270.plus.aac.p.m4a,baroque classical
p0056.ogg,"Janine Jansen, Candida Thompson, Henk Rubingh, Julian Rachlin, Maarten Jansen, Stacey Watton, Liz Kenny & Jan Jansen","The Four Seasons, Concerto No. 2 in G Minor, RV 315 ""Summer"": III. Presto",Vivaldi: The Four Seasons,https://audio-ssl.itunes.apple.com/itunes-assets/AudioPreview211/v4/21/50/bf/2150bfa6-18ed-c6fd-8cbb-7e50cbc856d3/mzaf_10919923276792529357.plus.aac.p.m4a,baroque classical
p0057.ogg,"Nemanja Radulović, Sébastien Giot & Double Sens","Concerto for Violin and Oboe in C Minor, BWV 1060: II. Adagio",J. S. Bach,https://audio-ssl.itunes.apple.com/itunes-assets/AudioPreview211/v4/29/61/67/2961672f-9a43-cd22-da82-6b9f880acbf1/mzaf_3058865888774425540.plus.aac.p.m4a,baroque classical
p0058.ogg,Philip Pickett & New London Consort,"Concerto for Flute and Strings in G Minor, Op. 10, No. 2, R. 439 - ""La Notte"": VI. Allegro","Vivaldi: 14 Concertos (For Mandolin, Flute, Trumpet, Violin, Etc.)",https://audio-ssl.itunes.apple.com/itunes-assets/AudioPreview115/v4/a8/62/2b/a8622b23-2321-28e8-f04b-990b00075535/mzaf_12320944568864525345.plus.aac.p.m4a,baroque classical
p0059.ogg,"Raphaël Pichon, Pygmalion & Maîtrise de Radio France","Matthäus-Passion, BWV 244, Prima parte: Nr.1. Chorus I & II ""Kommt, ihr Töchter, helft mir klagen""","J.S. Bach: Matthäus-Passion, BWV 244",https://audio-ssl.itunes.apple.com/itunes-assets/AudioPreview221/v4/d9/3c/a9/d93ca948-5d6f-af60-8787-6fc434a2f49c/mzaf_10093360589157942982.plus.aac.p.m4a,baroque classical
p0060.ogg,Jean-Christophe Spinosi & Ensemble Matheus,"La fida ninfa: Sinfonia, RV 725: I. Allegro",Vivaldi: La fida ninfa,https://audio-ssl.itunes.apple.com/itunes-assets/AudioPreview125/v4/3f/67/34/3f67344f-c589-9a39-eb05-f3d5d4a3b50c/mzaf_13901398566078948251.plus.aac.p.m4a,baroque classical
p0061.ogg,Akademie für Alte Musik Berlin,"Water Music, Suite No. 2, HWV 349: XII. [Alla Hornpipe]",Handel: Water Music,https://audio-ssl.itunes.apple.com/itunes-assets/AudioPreview115/v4/ae/1b/32/ae1b3280-83f3-fbc6-84d2-cc498d86a2e0/mzaf_14472380721342046817.plus.aac.p.m4a,baroque classical
p0062.ogg,"Maxim Emelyanychev, Jakub Józef Orliński & Il Pomo d'Oro","Il Giustino, RV 717, Act I: Vedrò con mio diletto (Anastasio)",Vivaldi: Vedrò con mio diletto - Single,https://audio-ssl.itunes.apple.com/itunes-assets/AudioPreview112/v4/63/e8/cb/63e8cbd2-e739-b0d7-9055-713ddcd304d7/mzaf_7355649986984836289.plus.aac.p.m4a,baroque classical
p0063.ogg,Rinaldo Alessandrini & Concerto Italiano,"Brandenburg Concerto No. 3 in G Major, BWV 1048: I. —",Bach: Brandenburg Concertos,https://audio-ssl.itunes.apple.com/itunes-assets/AudioPreview115/v4/86/82/7a/86827acd-f998-4d92-18b0-5669d585db46/mzaf_4976166886472123022.plus.aac.p.m4a,baroque classical
p0064.ogg,"René Jacobs, Concerto Vocale, Danielle Borst & Guillemette Laurens","L'incoronazione di Poppea, Act III, Scene 8: ""Pur ti miro""",Monteverdi: L'incoronazione di Poppea,https://audio-ssl.itunes.apple.com/itunes-assets/AudioPreview125/v4/e8/63/e5/e863e52f-60ae-5c68-50a3-1bcc9be8dd32/mzaf_3747707214903580187.plus.aac.p.m4a,baroque classical
p0065.ogg,Yeol Eum Son,"Partita No. 1 in B-Flat Major, BWV 825: VII. Gigue (Transcr. for Piano Left Hand by Paul Wittgenstein)",Ravel: Piano Concertos - Bach / Wittgenstein,https://audio-ssl.itunes.apple.com/itunes-assets/AudioPreview211/v4/d8/9b/78/d89b78be-2783-c153-db43-3bb08bef34b2/mzaf_1340055925215367542.plus.aac.p.m4a,baroque classical
p0066.ogg,Simone Dinnerstein,"Invention No. 1 in C Major, BWV 772","Bach: Inventions & Sinfonias, BWV 772-801",https://audio-ssl.itunes.apple.com/itunes-assets/AudioPreview125/v4/26/af/fd/26affd74-8cef-6fbc-ff59-71588d85b124/mzaf_8133015841360838369.plus.aac.p.m4a,baroque classical
p0067.ogg,Giovanni Sollima & Il Pomo d'Oro,"Dorilla in Tempe, RV 709, Sinfonia: II. Andante",Al-Bunduqiyya – The Lost Concerto,https://audio-ssl.itunes.apple.com/itunes-assets/AudioPreview221/v4/45/d5/8e/45d58ed4-9287-71cd-d848-12a3ac553126/mzaf_18099386391468178369.plus.aac.p.m4a,baroque classical
p0068.ogg,"Avi Avital, Mahan Esfahani, Ophira Zakai & Patrick Sepec","Trio Sonata in C Major, RV 82: II. Larghetto",Vivaldi,https://audio-ssl.itunes.apple.com/itunes-assets/AudioPreview125/v4/cf/07/84/cf07842e-30b6-2fab-22c8-92599fe96b40/mzaf_13494871833761482976.plus.aac.p.m4a,baroque classical
p0069.ogg,"Anna Zander, Carlos Mena, Stephan MacLeod, Ricercar Consort, Philippe Pierlot, Maria Keohane & Hans Jörg Mammel","Magnificat, BWV 243: Magnificat","Bach: Magnificat, BWV 243 & Missa, BWV 235",https://audio-ssl.itunes.apple.com/itunes-assets/AudioPreview125/v4/cf/7f/7f/cf7f7fb1-b746-c724-f528-236a4d8f926d/mzaf_6622651817388024731.plus.aac.p.m4a,baroque classical
p0070.ogg,"Berliner Barock Solisten, Emmanuel Pahud & Rainer Kussmaul","Orchestral Suite No. 2 in B Minor, BWV 1067: VII. Badinerie",Bach: Brandenburg Concerto No. 5 - Orchestral Suite No. 2 - Trio Sonata - Partita,https://audio-ssl.itunes.apple.com/itunes-assets/AudioPreview115/v4/8e/58/59/8e5859ba-3399-e042-5da1-debe70c308c5/mzaf_7021189617849173446.plus.aac.p.m4a,baroque classical
p0071.ogg,"Sonia Prina, Alessandro De Marchi & Academia Montis Regalis","Orlando finto pazzo, Act III: Aria ""Andero, volero, gridero""",Ladies Sing Baroque,https://audio-ssl.itunes.apple.com/itunes-assets/AudioPreview125/v4/f6/6c/ac/f66cacba-6331-d295-6b3e-7465df5a0934/mzaf_7918975658351256122.plus.aac.p.m4a,baroque classical
p0072.ogg,"Giovanni Antonini, Cecilia Bartoli & Il Giardino Armonico","Il Farnace, Act 2 Scene 5: Gelido in ogni vena",Sospiri,https://audio-ssl.itunes.apple.com/itunes-assets/AudioPreview221/v4/26/32/8a/26328af0-2ed2-9acb-7926-02e5d0236abe/mzaf_17686211809492617582.plus.aac.p.m4a,baroque classical
p0073.ogg,Christian Li & The Melbourne Symphony Orchestra,"The Four Seasons, Violin Concerto No. 1 in E Major, RV 269 ""Spring"": I. Allegro",Vivaldi: The Four Seasons,https://audio-ssl.itunes.apple.com/itunes-assets/AudioPreview211/v4/c4/eb/44/c4eb4457-260a-4b71-75d8-47937676876e/mzaf_654874342077753.plus.aac.p.m4a,baroque classical
p0074.ogg,Khatia Buniatishvili & Gvantsa Buniatishvili,"Orchestral Suite No. 2 in B Minor, BWV 1067: VII. Badinerie (Arr. for Four Hands)",Labyrinth,https://audio-ssl.itunes.apple.com/itunes-assets/AudioPreview211/v4/10/14/9e/10149eed-3f26-c782-6724-96ef0db8c33e/mzaf_2143319515435422351.plus.aac.p.m4a,baroque classical
p0075.ogg,Academy of Ancient Music & Richard Egarr,"Sonata in B Minor, HWV 386, Op. 2 No. 1: I. Andante - Adagio","Handel: Trio Sonatas, Op. 2 & Op. 5",https://audio-ssl.itunes.apple.com/itunes-assets/AudioPreview125/v4/58/cf/49/58cf490b-5e3d-23f4-6b20-beb4857eb29f/mzaf_2619580720365964981.plus.aac.p.m4a,baroque classical
p0076.ogg,Anja Lechner,"Cello Suite No. 1 in G Major, BWV 1007: IV. Sarabande",Bach – Abel – Hume,https://audio-ssl.itunes.apple.com/itunes-assets/AudioPreview221/v4/ca/7e/84/ca7e845d-8b6f-56aa-d4d3-5ca5526bb34b/mzaf_4159862813271363566.plus.aac.p.m4a,baroque classical
p0077.ogg,Le Banquet Céleste & Damien Guillon,Queste lagrime e sospiri,Stradella: San Giovanni Battista,https://audio-ssl.itunes.apple.com/itunes-assets/AudioPreview115/v4/60/9d/6b/609d6b19-34fd-a015-3512-9ee31519d8e9/mzaf_6610882779622567748.plus.aac.p.m4a,baroque classical
p0078.ogg,"Diego Fasolis, I Barocchisti, Julia Lezhneva & Philippe Jaroussky",Stabat mater: I. Stabat mater dolorosa,"Pergolesi: Stabat Mater, Laudate pueri & Confitebor",https://audio-ssl.itunes.apple.com/itunes-assets/AudioPreview211/v4/a6/b6/70/a6b67013-ba74-355e-399c-c0ff085e4ad9/mzaf_10686173520006546771.plus.aac.p.m4a,baroque classical
p0079.ogg,Concerto Italiano & Rinaldo Alessandrini,"Madrigali amorosi: No. 9, Canzonetta by Rinuccini, Lamento della Ninfa, Partie I ""Non havea Febo ancora""","Monteverdi: Madrigals, Book 8 - Madrigali guerrieri et amorosi",https://audio-ssl.itunes.apple.com/itunes-assets/Music6/v4/2c/d4/21/2cd4211c-597e-bed4-d30f-be88038f8ff3/mzaf_2471247729253066154.plus.aac.p.m4a,baroque classical
p0080.ogg,Théotime Langlois de Swarte & Le Consort,"Violin Concerto in E Major, RV 264: II. Adagio",Vivaldi: Le quattro stagioni (The Four Seasons),https://audio-ssl.itunes.apple.com/itunes-assets/AudioPreview211/v4/cb/ad/25/cbad25ed-8087-6b33-31b6-417493a65c15/mzaf_1710202763036437568.plus.aac.p.m4a,baroque classical
p0081.ogg,Shani Diluka,"Keyboard Sonata in B Minor, Kk. 27",Renaissance,https://audio-ssl.itunes.apple.com/itunes-assets/AudioPreview221/v4/be/dc/a3/bedca3c6-90bd-a1bc-a693-c87d91f4dd76/mzaf_1343269902310203504.plus.aac.p.m4a,baroque classical
p0082.ogg,Jordi Savall,Les Nations - Premier Ordre -  La Françoise; 1. Sonade,François Couperin: Les Nations,https://audio-ssl.itunes.apple.com/itunes-assets/AudioPreview115/v4/62/0b/db/620bdb93-d292-d89e-8916-bd06786b92af/mzaf_2314513157028454804.plus.aac.p.m4a,baroque classical
p0083.ogg,Hilary Hahn,"Sonata for Violin Solo No. 1 in G Minor, BWV 1001: I. Adagio",Hilary Hahn plays Bach: Violin Sonatas Nos. 1 & 2; Partita No. 1,https://audio-ssl.itunes.apple.com/itunes-assets/AudioPreview125/v4/70/d3/0f/70d30fed-57de-7f35-596b-628a6c3769c6/mzaf_4504386334395084476.plus.aac.p.m4a,baroque classical
p0084.ogg,Anastasia Kobekina & Kammerorchester Basel,"Cello Concerto in E-Flat Major, RV 408: II. Largo",Venice,https://audio-ssl.itunes.apple.com/itunes-assets/AudioPreview221/v4/1d/32/7c/1d327cb7-1910-9f8e-bb59-c20257f41cc2/mzaf_14519390919895926032.plus.aac.p.m4a,baroque classical
p0085.ogg,David Fray & The Deutsche Kammerphilharmonie Bremen,"Keyboard Concerto in D Minor, BWV 1052: I. Allegro",Bach: Piano Concertos,https://audio-ssl.itunes.apple.com/itunes-assets/AudioPreview221/v4/0f/45/46/0f4546e3-dd58-5ce3-1b9a-f733a1fbf004/mzaf_14557938198047420828.plus.aac.p.m4a,baroque classical
p0086.ogg,"Iona Brown, Academy of St Martin in the Fields & Celin Romero","Concerto in D for Guitar (Lute), RV 93: II. Largo",Vivaldi: Guitar Concertos,https://audio-ssl.itunes.apple.com/itunes-assets/AudioPreview125/v4/cd/19/1f/cd191f9c-ccbf-a688-2b83-b0f2d03ef3e9/mzaf_11766347064502349145.plus.aac.p.m4a,baroque classical
p0087.ogg,"Raglan Baroque Players, Nicholas Kraemer & Monica Huggett","12 Concerti for Violin and Strings Op. 9, 'La Cetra', Concerto No.9 in B flat major (2 violins, RV530): Allegro",Vivaldi - La Cetra Op. 9,https://audio-ssl.itunes.apple.com/itunes-assets/AudioPreview115/v4/ab/da/a0/abdaa030-7659-8a8a-5a1b-d3f2fce8a73c/mzaf_6713318012339212195.plus.aac.p.m4a,baroque classical
p0088.ogg,"Magdalena Kožená, Venice Baroque Orchestra & Andrea Marcon","Rinaldo: ""Lascia ch'io pianga""",'Ah! Mio cor': Handel Arias,https://audio-ssl.itunes.apple.com/itunes-assets/AudioPreview115/v4/a0/32/b1/a032b11d-fe6c-927c-9d14-3a64bcf9f638/mzaf_14749344861279421288.plus.aac.p.m4a,baroque classical
p0089.ogg,Christophe Rousset & Les Talens Lyriques,"Pygmalion, acte de ballet, RCT 52: Ouverture",Rameau: Pygmalion & Les Fêtes de Polymnie,https://audio-ssl.itunes.apple.com/itunes-assets/AudioPreview125/v4/74/d6/33/74d633ea-54da-83a7-6d24-7276fe9c7035/mzaf_15325784524089297904.plus.aac.p.m4a,baroque classical
p0090.ogg,Balsom Ensemble & Alison Balsom,"Trumpet Sonata in D Major, Z. 850: II. Adagio",Royal Fireworks,https://audio-ssl.itunes.apple.com/itunes-assets/AudioPreview211/v4/d3/a5/5b/d3a55b8d-81a5-602b-dc40-36044c17aece/mzaf_1169271752159728665.plus.aac.p.m4a,baroque classical
p0091.ogg,"René Jacobs, Concerto Vocale & Maria Cristina Kiehr",L'incoronazione di Poppea: Symphonie avant le Prologue,Monteverdi: L'incoronazione di Poppea,https://audio-ssl.itunes.apple.com/itunes-assets/AudioPreview125/v4/ec/82/d3/ec82d3c4-7dda-e971-797a-adbd9a2898b7/mzaf_8329430429792927557.plus.aac.p.m4a,baroque classical
p0092.ogg,"Alessandro Tampieri, Accademia Bizantina & Ottavio Dantone","Violin Concerto in E-Flat Major, RV 257: I. Andante molto e quasi allegro","Vivaldi: Concerti per violino, Vol. 7. Per il castello",https://audio-ssl.itunes.apple.com/itunes-assets/AudioPreview115/v4/36/ed/12/36ed1287-a454-3d97-253e-b05798db25af/mzaf_3501536924644799983.plus.aac.p.m4a,baroque classical
p0093.ogg,Nigel Kennedy & English Chamber Orchestra,"Concerto No. 1 in E Major, RV 269 ''La primavera'': I. Allegro",Vivaldi: The Four Seasons,https://audio-ssl.itunes.apple.com/itunes-assets/AudioPreview211/v4/8b/89/ef/8b89ef0b-c546-12dc-155b-0a11b392e5ea/mzaf_11586335295540128375.plus.aac.p.m4a,baroque classical
p0094.ogg,"Alessandro De Marchi, Academia Montis Regalis & Enrico Onofri","Concerto ""L'Inquietudine"", RV 234: I. Allegro Molto","Vivaldi: Concerti per violino I ""La caccia""",https://audio-ssl.itunes.apple.com/itunes-assets/AudioPreview125/v4/f6/0f/17/f60f170f-9e5c-9197-5748-6f93715624fb/mzaf_14753697150204390990.plus.aac.p.m4a,baroque classical
p0095.ogg,"English Baroque Soloists, John Eliot Gardiner, Monteverdi Choir, Patrick Russill & The London Oratory Junior Choir","St. Matthew Passion, BWV 244: No. 23 Aria (Bass): ""Gerne Will Ich Mich Bequemen""","Bach, J.S. : St. Matthew Passion: Arias & Choruses",https://audio-ssl.itunes.apple.com/itunes-assets/AudioPreview125/v4/53/97/7b/53977b91-2c22-d277-a9b8-7e9dd35b4de7/mzaf_17702485826714608975.plus.aac.p.m4a,baroque classical
p0096.ogg,Mao Fujita,"Prelude in B Minor, BWV 855a (Transcribed by Alexander Siloti)",Bach Transcriptions - EP,https://audio-ssl.itunes.apple.com/itunes-assets/AudioPreview221/v4/e8/a6/9a/e8a69a7c-37c6-fb60-9fe2-009da46d0d24/mzaf_15576424429376378758.plus.aac.p.m4a,baroque classical
p0097.ogg,"Burkhard Glaetzner, Christine Schornsheim, New Bach Collegium Musicum Leipzig & Max Pommer","Oboe Concerto in C major, RV 447: I. Allegro non molto",Vivaldi: Oboe Concertos,https://audio-ssl.itunes.apple.com/itunes-assets/AudioPreview115/v4/5c/a9/87/5ca9877f-8abf-5d94-e6be-a3daf987d027/mzaf_1271187902466697334.plus.aac.p.m4a,baroque classical
p0098.ogg,Gabrieli Consort & Players & Paul McCreesh,"Concerto Grosso No. 3  in E Minor, Op. 6, HWV 321: IV. Polonaise - Andante","Handel: L'Allegro, Il Penseroso ed il Moderato, 1740",https://audio-ssl.itunes.apple.com/itunes-assets/AudioPreview115/v4/28/06/ea/2806ea24-70ae-649a-1276-ba0e26832966/mzaf_10999988640117585969.plus.aac.p.m4a,baroque classical
p0099.ogg,The Sixteen,Solomon: Arrival of the Queen of Sheba,Handel: Coronation Anthems,https://audio-ssl.itunes.apple.com/itunes-assets/AudioPreview115/v4/60/e1/1f/60e11fb0-a7d3-7385-f2df-def235e59528/mzaf_13325397850685779083.plus.aac.p.m4a,baroque classical
p0100.ogg,"Collegium Vocale Gent, Philippe Herreweghe & Sibylla Rubens","St. John Passion, Part 1: No. 9. Aria (Sopran) ""Ich Folge Dir Gleichfalls""",Bach: St. John Passion (Johannes-Passion),https://audio-ssl.itunes.apple.com/itunes-assets/AudioPreview115/v4/2a/71/75/2a7175e0-0a61-533b-857b-ffd9d8febf97/mzaf_8243007151982339885.plus.aac.p.m4a,baroque classical
p0101.ogg,"The Sixteen, Harry Christophers & Christopher Purves","Messiah, HWV 56, Pt. 3: The trumpet shall sound - Air","Handel: Messiah, HWV 56",https://audio-ssl.itunes.apple.com/itunes-assets/AudioPreview125/v4/2d/4a/04/2d4a04e1-6a32-9060-18db-be19bc3b8136/mzaf_15902071903714804533.plus.aac.p.m4a,baroque classical
p0102.ogg,"Sandrine Piau, Ann Hallenberg, Modo Antiquo & Federico Maria Sardelli","Zeffiretti che sussurrate, RV 749. 21",Vivaldi: Arie d'opera,https://audio-ssl.itunes.apple.com/itunes-assets/AudioPreview115/v4/47/7f/f8/477ff855-980c-0dff-83b8-ecb42cebff59/mzaf_13577139725975717938.plus.aac.p.m4a,baroque classical
p0103.ogg,Joshua Bell & Academy of St Martin in the Fields,"Violin Concerto No. 2 in E Major, BWV 1042: I. Allegro",Bach,https://audio-ssl.itunes.apple.com/itunes-assets/AudioPreview115/v4/f8/5a/c3/f85ac3a0-d0c7-905f-070e-2bfd78dc2239/mzaf_11964708592184373469.plus.aac.p.m4a,baroque classical
p0104.ogg,Holland Baroque & Aisslinn Nosky,"Polish Dances, TWV 45 (Arr. J. Steenbrink & T. Steenbrink for Strings & Continuo): No. 2, Polonoise",Telemann: Polonoise,https://audio-ssl.itunes.apple.com/itunes-assets/AudioPreview126/v4/cc/5c/35/cc5c3544-c651-78b1-f504-400ca1ebec9c/mzaf_3537649657047460148.plus.aac.p.m4a,baroque classical
p0105.ogg,Gottfried von der Goltz & Freiburger Barockorchester,"Concerto in G Minor for Oboe, Strings and Continuo, I 47: I. Allegro","Telemann, Platti, Vivaldi & Geminiani: Concerti all'arrabbiata",https://audio-ssl.itunes.apple.com/itunes-assets/AudioPreview125/v4/18/ec/fa/18ecfa69-d88c-c9f1-0a52-a19c9709222d/mzaf_14752619236808035995.plus.aac.p.m4a,baroque classical
p0106.ogg,Rafał Blechacz,"Cantata, BWV 147: X. Jesu, Joy of Man's Desiring (Arr. for Piano by Myra Hess)",Johann Sebastian Bach,https://audio-ssl.itunes.apple.com/itunes-assets/AudioPreview125/v4/14/f4/00/14f400c3-eee6-e11a-b4e3-576082a4666d/mzaf_14870221944155973923.plus.aac.p.m4a,baroque classical
p0107.ogg,"Alison Balsom, The English Concert & Trevor Pinnock","Birthday Ode for Queen Anne, HWV 74: Eternal Source of Light Divine",Sound the Trumpet - Royal Music of Purcell and Handel,https://audio-ssl.itunes.apple.com/itunes-assets/AudioPreview125/v4/34/18/b1/3418b1af-0450-e150-3ea6-3687292d3137/mzaf_527384711520476329.plus.aac.p.m4a,baroque classical
p0108.ogg,Khatia Buniatishvili,"Prelude in B Minor, BWV 855a (Arr. for Piano by Alexander Siloti)","Prelude in B Minor, BWV 855a (Arr. for Piano by Alexander Siloti) - Single",https://audio-ssl.itunes.apple.com/itunes-assets/AudioPreview221/v4/cc/03/68/cc0368fe-d9eb-d105-6b43-d1d579a1ccc6/mzaf_1182923669540322290.plus.aac.p.m4a,baroque classical
p0109.ogg,Maxim Emelyanychev & Il Pomo d'Oro,"Agrippina, HWV 6: Sinfonia",Handel: Agrippina,https://audio-ssl.itunes.apple.com/itunes-assets/AudioPreview122/v4/bf/86/4a/bf864a8c-73cd-d423-954e-6a72a6be2343/mzaf_11405060507342169804.plus.aac.p.m4a,baroque classical
p0110.ogg,L'Estravagante,"Sonata No. 13 in D Minor, R V64: I. Preludio. Largo","Vivaldi: Sonate da camera a tre, Op. 1",https://audio-ssl.itunes.apple.com/itunes-assets/AudioPreview115/v4/ea/57/c0/ea57c09f-cc84-ca32-8c8b-b84fdba674da/mzaf_537257572126917356.plus.aac.p.m4a,baroque classical
p0111.ogg,Ettore Milano & Orchestre de Chambre Baroque,Canon en Ré Majeur,13 Shades of Classical Music for Listening While Reading a Libertine Novel (13 nuances de musique classique à écouter en lisant un roman libertin),https://audio-ssl.itunes.apple.com/itunes-assets/AudioPreview115/v4/8f/17/01/8f170198-a05b-970d-4246-5c32da52b9b5/mzaf_5886674108131253741.plus.aac.p.m4a,baroque classical
p0112.ogg,Viktoria Mullova,"Violin Sonata No. 3 in C Major, BWV 1005: III. Largo",Live At The V&A,https://audio-ssl.itunes.apple.com/itunes-assets/AudioPreview211/v4/6d/a7/2a/6da72a0d-4168-f667-3ef2-094c9b942dd3/mzaf_3694240892556441100.plus.aac.p.m4a,baroque classical
p0113.ogg,"Charles Tunnell, David Miller, Nigel Kennedy, Robin Jeffrey, Hegedus, English Chamber Orchestra, John Constable & Ivor Bolton","Concerto No. 2 in G Minor, RV 315 ""L'estate"": III. Presto",Vivaldi: The Four Seasons,https://audio-ssl.itunes.apple.com/itunes-assets/AudioPreview221/v4/fa/f9/67/faf96713-4be5-557c-e1fd-7c00a22863db/mzaf_6786826415553332479.plus.aac.p.m4a,baroque classical
p0114.ogg,"Ensemble 415, Chiara Banchini, Leila Schayegh & Eva Borhi","Concerto a tre violini in F Major, RV 551: I. Allegro",Italiane Baroque: Sonatas & Concertos,https://audio-ssl.itunes.apple.com/itunes-assets/AudioPreview125/v4/86/d9/2f/86d92fd8-350d-f56c-40be-3eb59ea27f95/mzaf_16511269818487115784.plus.aac.p.m4a,baroque classical
p0115.ogg,Chiara Banchini & Ensemble 415,"Concerto Ripieno in C Major, RV 114: III. Ciaccona",Vivaldi: Stabat Mater,https://audio-ssl.itunes.apple.com/itunes-assets/AudioPreview125/v4/e9/ae/0a/e9ae0ace-54e3-cee7-f519-fb9b5b780681/mzaf_4842731081611494169.plus.aac.p.m4a,baroque classical
p0116.ogg,"Venice Baroque Orchestra, Andrea Marcon & Philippe Jaroussky",Orfeo : Sente del mio martir,Farinelli : Porpora Arias,https://audio-ssl.itunes.apple.com/itunes-assets/AudioPreview115/v4/42/f0/a0/42f0a0ca-4d3f-18fc-d1aa-b5435328a96c/mzaf_9415327918459665387.plus.aac.p.m4a,baroque classical
p0117.ogg,"Jean-Christophe Spinosi, Ensemble Matheus & Stefano Ferrari","Griselda, RV 718 – Act I, scene 3: II. Aria “Se ria procella sorge dall’onde” (Gualtiero)",Vivaldi: Griselda,https://audio-ssl.itunes.apple.com/itunes-assets/AudioPreview115/v4/d8/42/32/d84232ea-cb38-0b4b-e791-850e5e8afdfa/mzaf_6786599469104276025.plus.aac.p.m4a,baroque classical
p0118.ogg,Raymond Leppard & English Chamber Orchestra,"Sarabande from Suite in D Minor for Keyboard (Suite de Piece): Vol. 2, No. 4, HWV 437",Great Performances: Baroque Favorites - Pachelbel's Canon,https://audio-ssl.itunes.apple.com/itunes-assets/AudioPreview115/v4/e6/7b/d7/e67bd70e-9f81-4671-d19f-748c03f4ba64/mzaf_15567922111038676776.plus.aac.p.m4a,baroque classical
p0119.ogg,"RIAS Kammerchor, Akademie für Alte Musik Berlin & René Jacobs","Johannes Passion, BWV 245, Pt. 1: 1. Chorus ""Herr, unser Herrscher"" (Exordium)","Bach: St. John Passion, BWV 245 (Johannes-Passion) [Deluxe Edition]",https://audio-ssl.itunes.apple.com/itunes-assets/AudioPreview115/v4/0d/ae/12/0dae124a-5176-fa13-1111-78cd6f0eed7a/mzaf_15300602592325263323.plus.aac.p.m4a,baroque classical
p0120.ogg,"Herbert von Karajan, Vienna Philharmonic & Anne-Sophie Mutter","The Four Seasons: Violin Concerto in F Minor, Op. 8 No. 4, RV 297 ""Winter"": I. Allegro non molto",Vivaldi: Die vier Jahreszeiten,https://audio-ssl.itunes.apple.com/itunes-assets/AudioPreview211/v4/4c/49/92/4c4992ee-d434-2dae-f604-b06b9778a324/mzaf_5268930994421251886.plus.aac.p.m4a,baroque classical
p0121.ogg,Anastasia Kobekina,"Cello Suite No. 1 in G Major, BWV 1007: I. Prélude",Bach: Cello Suites,https://audio-ssl.itunes.apple.com/itunes-assets/AudioPreview211/v4/b6/bd/8b/b6bd8b6e-2453-ba89-1f12-35cfd3db2ad7/mzaf_17268099287019822823.plus.aac.p.m4a,baroque classical
p0122.ogg,Keith Jarrett,"Das Wohltemperierte Klavier: Book 1, BWV 846-869: Prelude in E Minor BWV 855","J.S. Bach: The Well-Tempered Clavier Book 1, BWV 846 - 869",https://audio-ssl.itunes.apple.com/itunes-assets/AudioPreview125/v4/b0/c4/09/b0c40910-2748-eb45-6935-5a39a4ce015c/mzaf_10043535495931202312.plus.aac.p.m4a,baroque classical
p0123.ogg,NoThingz,Our Forever Symphony,Nothingz (The Nothingz),https://audio-ssl.itunes.apple.com/itunes-assets/AudioPreview221/v4/42/52/b2/4252b2ea-014d-fe2c-ba7d-fc0b772e7520/mzaf_4682808575311507395.plus.aac.p.m4a,romantic symphony
p0124.ogg,Jason Derulo,Take You Dancing,Take You Dancing - Single,https://audio-ssl.itunes.apple.com/itunes-assets/AudioPreview122/v4/9c/a0/36/9ca036f4-aa4c-27ea-36fa-4b726a6693ab/mzaf_11051606312810580089.plus.aac.p.m4a,romantic symphony
p0125.ogg,Lana Del Rey,Young and Beautiful,The Great Gatsby (Music from Baz Luhrmann's Film) [Deluxe Edition],https://audio-ssl.itunes.apple.com/itunes-assets/AudioPreview221/v4/b5/c2/30/b5c2308a-dfbc-b750-a629-df229f467136/mzaf_6577796842535512785.plus.aac.p.m4a,romantic symphony
p0126.ogg,Ed Sheeran,Happier,÷ (Deluxe),https://audio-ssl.itunes.apple.com/itunes-assets/AudioPreview221/v4/a5/a3/4e/a5a34ec0-b0d1-a1c5-32ef-31795d968b5f/mzaf_6657904390746527335.plus.aac.p.m4a,romantic symphony
p0127.ogg,Backstreet Boys,I Want It That Way,Millennium,https://audio-ssl.itunes.apple.com/itunes-assets/AudioPreview211/v4/12/cd/f8/12cdf81c-f174-cd45-9a56-9b2388df9e63/mzaf_2642298639219088626.plus.aac.p.m4a,romantic symphony
p0128.ogg,Guns N' Roses,November Rain,Use Your Illusion I,https://audio-ssl.itunes.apple.com/itunes-assets/AudioPreview115/v4/3c/eb/6b/3ceb6b17-b62b-9cb9-ee69-6c161aea7506/mzaf_11294109330794350435.plus.aac.p.m4a,romantic symphony
p0129.ogg,Background Instrumental Music Collective,Romantic Symphony,"Latin Jazz: Volume 4, Brazilian Sensual Latin Dance, Cuban Bossa Nova Vibes Lounge 2023",https://audio-ssl.itunes.apple.com/itunes-assets/AudioPreview116/v4/3c/58/6d/3c586d2d-a0f9-fb68-2750-89ba8c0d9e9e/mzaf_6214718427054299937.plus.aac.p.m4a,romantic symphony
p0130.ogg,Harry Styles,Watermelon Sugar,Fine Line,https://audio-ssl.itunes.apple.com/itunes-assets/AudioPreview116/v4/16/86/f5/1686f50d-8b77-7e32-85f7-5f0e804d68fe/mzaf_14195633304344507287.plus.aac.p.m4a,romantic symphony
p0131.ogg,Lord Huron,The Night We Met,Strange Trails,https://audio-ssl.itunes.apple.com/itunes-assets/AudioPreview221/v4/4b/36/b7/4b36b739-1de7-e0ae-45da-9a66463127ac/mzaf_1821541347983595183.plus.aac.p.m4a,romantic symphony
p0132.ogg,The Goo Goo Dolls,Iris,Dizzy Up the Girl,https://audio-ssl.itunes.apple.com/itunes-assets/AudioPreview211/v4/60/17/35/60173512-3d5c-1d6f-549e-d8ddafa93e07/mzaf_5281658494050788067.plus.aac.p.m4a,romantic symphony
p0133.ogg,Bruno Mars,That's What I Like,24K Magic,https://audio-ssl.itunes.apple.com/itunes-assets/AudioPreview115/v4/ad/b1/86/adb18687-4c21-bd3d-6707-51bfb89a9339/mzaf_9755637347896433020.plus.aac.p.m4a,romantic symphony
p0134.ogg,Lewis Capaldi,Someone You Loved,Breach - EP,https://audio-ssl.itunes.apple.com/itunes-assets/AudioPreview221/v4/95/7f/3c/957f3c65-d179-e26e-6517-ebf2b10eaeb8/mzaf_8568102570237224733.plus.aac.p.m4a,romantic symphony
p0135.ogg,Eurythmics,Sweet Dreams (Are Made of This),Sweet Dreams (Are Made of This) [Deluxe Edition],https://audio-ssl.itunes.apple.com/itunes-assets/AudioPreview126/v4/33/72/78/337278b2-6ec6-ddbd-1d11-94e0c8ca3b22/mzaf_17096504411490598724.plus.aac.p.m4a,romantic symphony
p0136.ogg,Alicia Keys,No One,As I Am (Expanded Edition),https://audio-ssl.itunes.apple.com/itunes-assets/AudioPreview211/v4/ef/30/f2/ef30f2cf-b3bf-752f-5809-cadaf1a15fe3/mzaf_18259142165614061591.plus.aac.p.m4a,romantic symphony
p0137.ogg,The Police,Every Breath You Take,The Very Best of Sting & The Police,https://audio-ssl.itunes.apple.com/itunes-assets/AudioPreview221/v4/6c/b4/79/6cb47947-0860-8788-95b1-a2b0a908f342/mzaf_4654925634744235278.plus.aac.p.m4a,romantic symphony
p0138.ogg,Justin Timberlake,My Love (feat. T.I.),FutureSex/LoveSounds (Deluxe Edition),https://audio-ssl.itunes.apple.com/itunes-assets/AudioPreview211/v4/a7/f2/ec/a7f2ec11-47eb-1665-9cc3-d78c3fbcafdb/mzaf_16217457358228502699.plus.aac.p.m4a,romantic symphony
p0139.ogg,Bonnie Tyler,Total Eclipse of the Heart,Faster Than the Speed of Night,https://audio-ssl.itunes.apple.com/itunes-assets/AudioPreview125/v4/34/d1/23/34d1239b-1efd-1bc3-ff86-2d0f947668b8/mzaf_10784434046657021328.plus.aac.p.m4a,romantic symphony
p0140.ogg,Elvis Presley,Can't Help Falling In Love,Elv1s: 30 #1 Hits,https://audio-ssl.itunes.apple.com/itunes-assets/AudioPreview221/v4/cd/8b/b0/cd8bb0f9-d255-c6b9-e55b-3403d135c638/mzaf_11483484905380371632.plus.aac.p.m4a,romantic symphony
p0141.ogg,d4vd,Romantic Homicide,Romantic Homicide - Single,https://audio-ssl.itunes.apple.com/itunes-assets/AudioPreview221/v4/a1/f5/40/a1f5405d-408f-d84e-1775-b87b30174067/mzaf_5384372198207712281.plus.aac.p.m4a,romantic symphony
p0142.ogg,Kina,Get You the Moon (feat. Snøw),Get You the Moon (feat. Snøw) - Single,https://audio-ssl.itunes.apple.com/itunes-assets/AudioPreview125/v4/ae/1d/6b/ae1d6b94-17d1-67d5-c686-9412f452ac6e/mzaf_16847112952309739752.plus.aac.p.m4a,romantic symphony
p0143.ogg,André Previn & London Symphony Orchestra,"Swan Lake, Op. 20, Act 2: No. 10, Moderato",Tchaikovsky: Swan Lake,https://audio-ssl.itunes.apple.com/itunes-assets/AudioPreview221/v4/da/ab/4a/daab4a47-384a-1c85-4838-445b9800c221/mzaf_13973864018073013590.plus.aac.p.m4a,romantic symphony
p0144.ogg,Imagine Dragons,Whatever It Takes,Evolve,https://audio-ssl.itunes.apple.com/itunes-assets/AudioPreview221/v4/cd/9f/69/cd9f6979-271e-60d7-8b64-2e1039ad3093/mzaf_11482633419661299974.plus.aac.p.m4a,romantic symphony
p0145.ogg,ABBA,Lay All Your Love On Me,ABBA Gold: Greatest Hits,https://audio-ssl.itunes.apple.com/itunes-assets/AudioPreview221/v4/c6/03/eb/c603eb1e-4d3f-2f25-0373-a66401d2f07b/mzaf_10960197639416331719.plus.aac.p.m4a,romantic symphony
p0146.ogg,Coldplay,Sparks,Parachutes,https://audio-ssl.itunes.apple.com/itunes-assets/AudioPreview221/v4/47/db/ce/47dbce82-d89c-0897-0da7-26d06ae7e2f2/mzaf_14852507599380441353.plus.aac.p.m4a,romantic symphony
p0147.ogg,One Direction,Perfect,Made In The A.M. (Deluxe Edition),https://audio-ssl.itunes.apple.com/itunes-assets/AudioPreview115/v4/7c/f2/28/7cf228eb-3d7e-63b6-866e-02046ac0287b/mzaf_6967391765231745117.plus.aac.p.m4a,romantic symphony
p0148.ogg,Foreigner,I Want to Know What Love Is,Agent Provocateur,https://audio-ssl.itunes.apple.com/itunes-assets/AudioPreview122/v4/89/54/e9/8954e9b0-959f-f52a-3d2b-90964c0c9866/mzaf_10610574705966846298.plus.aac.p.m4a,romantic symphony
p0149.ogg,Kings of Leon,Sex On Fire,Only By the Night,https://audio-ssl.itunes.apple.com/itunes-assets/AudioPreview125/v4/8f/39/df/8f39df6b-9b97-1313-b26d-368d9cc0d20f/mzaf_16643660259914950728.plus.aac.p.m4a,romantic symphony
p0150.ogg,Whitney Houston,My Love Is Your Love,My Love Is Your Love,https://audio-ssl.itunes.apple.com/itunes-assets/AudioPreview221/v4/fa/1c/e1/fa1ce195-136b-bd17-f865-7150bdbb9904/mzaf_17744253477855844501.plus.aac.p.m4a,romantic symphony
p0151.ogg,Vienna Philharmonic & Carlos Kleiber,"Symphony No. 5 in C Minor, Op. 67: I. Allegro con brio",Beethoven: Symphonies Nos. 5 & 7,https://audio-ssl.itunes.apple.com/itunes-assets/AudioPreview211/v4/db/19/f5/db19f52a-08d9-1ef4-74bd-c49ccd58ad50/mzaf_11373277724482988321.plus.aac.p.m4a,romantic symphony
p0152.ogg,Aerosmith,I Don't Want to Miss a Thing,Armageddon - The Album,https://audio-ssl.itunes.apple.com/itunes-assets/AudioPreview115/v4/92/df/59/92df5941-10fa-7356-cfc2-96346d6e2c89/mzaf_18024418854298911851.plus.aac.p.m4a,romantic symphony
p0153.ogg,The Walters,I Love You So,I Love You So - Single,https://audio-ssl.itunes.apple.com/itunes-assets/AudioPreview221/v4/0f/76/df/0f76df2d-c1a9-0d94-c323-a613f39dd329/mzaf_5346596372242255521.plus.aac.p.m4a,romantic symphony
p0154.ogg,Calum Scott,You Are the Reason,Only Human (Deluxe),https://audio-ssl.itunes.apple.com/itunes-assets/AudioPreview221/v4/c8/a2/a4/c8a2a452-9f1b-0c37-f9a8-3c40369360f1/mzaf_5868390947615190417.plus.aac.p.m4a,romantic symphony
p0155.ogg,Sarah Brightman & Andrea Bocelli,Time to Say Goodbye (Con Te Partirò),The Best of Andrea Bocelli: Vivere,https://audio-ssl.itunes.apple.com/itunes-assets/AudioPreview211/v4/37/92/b5/3792b56c-cba7-d4df-7a3b-030d2f30d329/mzaf_7670541124993352944.plus.aac.p.m4a,romantic symphony
p0156.ogg,Jason Mraz,I Won't Give Up,Love Is a Four Letter Word (Deluxe Version),https://audio-ssl.itunes.apple.com/itunes-assets/AudioPreview221/v4/5d/f4/11/5df411a7-7de9-a768-3eef-1b74cc77efcb/mzaf_2117023069067957023.plus.aac.p.m4a,romantic symphony
p0157.ogg,Rihanna,Where Have You Been,Talk That Talk (Deluxe),https://audio-ssl.itunes.apple.com/itunes-assets/AudioPreview221/v4/a8/ac/a1/a8aca147-5bff-9abe-5736-34ac5f350abe/mzaf_793862338190309088.plus.aac.p.m4a,romantic symphony
p0158.ogg,Lady Gaga,Alejandro,The Fame Monster (Deluxe Edition),https://audio-ssl.itunes.apple.com/itunes-assets/AudioPreview221/v4/cf/9c/e9/cf9ce9f7-f1de-d9f7-f8c8-0815ed5a8bbd/mzaf_6375785484637425672.plus.aac.p.m4a,romantic symphony
p0159.ogg,Valery Gergiev & London Symphony Orchestra,"Romeo & Juliet, Op. 64, Act I: Scene XIII, Dance of the Knights","Prokofiev: Romeo & Juliet, Op. 64",https://audio-ssl.itunes.apple.com/itunes-assets/AudioPreview211/v4/46/61/74/46617474-ef05-b0a0-fcf3-220d97a031a5/mzaf_15845990548601644116.plus.aac.p.m4a,romantic symphony
p0160.ogg,Verbier Festival Orchestra & Michael Tilson Thomas,"Symphony No. 7 in E Major, WAB 107: III. Scherzo. Sehr schnell (Live at Verbier Festival, 2005)","Bruckner: Symphony No. 7 in E Major, WAB 107 (Live at Verbier Festival, 2005)",https://audio-ssl.itunes.apple.com/itunes-assets/AudioPreview211/v4/bb/f9/94/bbf994e9-11e1-d6b1-fb5f-0b73711014c1/mzaf_2739454435009436037.plus.aac.p.m4a,romantic symphony
p0161.ogg,Clean Bandit,Rockabye (feat. Sean Paul & Anne-Marie),Rockabye (feat. Sean Paul & Anne-Marie) - Single,https://audio-ssl.itunes.apple.com/itunes-assets/AudioPreview221/v4/77/42/21/77422148-e332-0141-4344-b3b278fa30e3/mzaf_12072586453786858064.plus.aac.p.m4a,romantic symphony
p0162.ogg,Jack Johnson,Better Together,In Between Dreams (Bonus Track Version),https://audio-ssl.itunes.apple.com/itunes-assets/AudioPreview116/v4/8f/30/7a/8f307a7b-a96b-2917-3633-ca6021090062/mzaf_17419675354426078688.plus.aac.p.m4a,romantic symphony
p0163.ogg,Ailee,Symphony (feat. Chancellor),VIVID,https://audio-ssl.itunes.apple.com/itunes-assets/AudioPreview115/v4/5a/86/16/5a86161a-24b5-0dd4-54a0-9b1d2ad75287/mzaf_3025382598771341977.plus.aac.p.m4a,romantic symphony
p0164.ogg,Brandy & Monica,The Boy Is Mine,Never Say Never,https://audio-ssl.itunes.apple.com/itunes-assets/AudioPreview221/v4/ff/c0/66/ffc0668d-c729-d051-2db1-e45d78bbb759/mzaf_16323944837925495080.plus.aac.p.m4a,romantic symphony
p0165.ogg,Christina Perri,A Thousand Years,"The Twilight Saga: Breaking Dawn, Pt. 1 (Original Motion Picture Soundtrack) [Deluxe Version]",https://audio-ssl.itunes.apple.com/itunes-assets/AudioPreview221/v4/8e/3a/e7/8e3ae749-5e13-a9ca-fef6-61d615bc3087/mzaf_5415208554281396500.plus.aac.p.m4a,romantic symphony
p0166.ogg,"Krystian Zimerman, Boston Symphony Orchestra & Seiji Ozawa","Piano Concerto No. 2 in C Minor, Op. 18: I. Moderato",Rachmaninov: Piano Concertos Nos. 1 & 2,https://audio-ssl.itunes.apple.com/itunes-assets/AudioPreview125/v4/7a/65/a8/7a65a8be-ff3d-1614-5322-25d8932013b8/mzaf_16621304509325362256.plus.aac.p.m4a,romantic symphony
p0167.ogg,Taylor Swift,Enchanted (Taylor's Version),Speak Now (Taylor's Version),https://audio-ssl.itunes.apple.com/itunes-assets/AudioPreview221/v4/ff/f2/da/fff2daa7-e089-c08b-9b34-d2ba8d8ee37c/mzaf_13585740172543756019.plus.aac.p.m4a,romantic symphony
p0168.ogg,Daniel Caesar,Best Part (feat. H.E.R.),Freudian,https://audio-ssl.itunes.apple.com/itunes-assets/AudioPreview211/v4/cc/95/ed/cc95edc8-4f9b-0c56-bc74-31ba76a057f9/mzaf_11346187551197903108.plus.aac.p.m4a,romantic symphony
p0169.ogg,Michael Tilson Thomas & San Francisco Symphony,"Symphony No. 5 in C-Sharp Minor, Pt. 3: IV. Adagietto. Sehr langsam",Mahler: Symphony No. 5,https://audio-ssl.itunes.apple.com/itunes-assets/AudioPreview125/v4/34/17/e1/3417e159-467b-e604-e5d5-25d0aea31f2f/mzaf_1336404424670322412.plus.aac.p.m4a,romantic symphony
p0170.ogg,Selena Gomez & The Scene,Love You Like A Love Song,When The Sun Goes Down,https://audio-ssl.itunes.apple.com/itunes-assets/AudioPreview211/v4/b7/bc/d7/b7bcd70f-3e44-f26e-21bb-4f2bf116a188/mzaf_3809983420380822936.plus.aac.p.m4a,romantic symphony
p0171.ogg,Zach Bryan,I Remember Everything (feat. Kacey Musgraves),Zach Bryan,https://audio-ssl.itunes.apple.com/itunes-assets/AudioPreview211/v4/c9/65/00/c9650004-f49a-46be-9a3f-20af5670ea0b/mzaf_9027985509408892133.plus.aac.p.m4a,romantic symphony
p0172.ogg,Israel Kamakawiwo'ole,Somewhere Over the Rainbow / What a Wonderful World,Facing Future,https://audio-ssl.itunes.apple.com/itunes-assets/AudioPreview221/v4/65/4d/c4/654dc469-0e86-9b56-76b6-6fa60fc955f7/mzaf_13478683217879302540.plus.aac.p.m4a,romantic symphony
p0173.ogg,Baby Lullaby Academy,Baby Lullaby Music,Baby Lullaby: Relaxing Piano Lullabies and Natural Sleep Aid for Baby Sleep Music,https://audio-ssl.itunes.apple.com/itunes-assets/AudioPreview115/v4/72/28/56/72285685-610f-b579-30bc-5e73dd1423b1/mzaf_11931835042988172342.plus.aac.p.m4a,romantic symphony
p0174.ogg,Sarah McLachlan,Angel,Surfacing,https://audio-ssl.itunes.apple.com/itunes-assets/AudioPreview211/v4/b6/33/c7/b633c75a-2965-1e79-a3e2-3722f8a579c4/mzaf_3581851578636393194.plus.aac.p.m4a,romantic symphony
p0175.ogg,Berlin Philharmonic & Rafael Kubelik,"Symphony No. 9 in E Minor, Op. 95 ""From the New World"": IV. Allegro con fuoco","Dvořák: Symphonien Nos. 8 & 9 ""From the New World""",https://audio-ssl.itunes.apple.com/itunes-assets/AudioPreview115/v4/dd/24/1f/dd241f96-a1ba-3df5-cab7-a616835b22a8/mzaf_16363692686069930872.plus.aac.p.m4a,romantic symphony
p0176.ogg,Andy Williams,It's the Most Wonderful Time of the Year,The Andy Williams Christmas Album,https://audio-ssl.itunes.apple.com/itunes-assets/AudioPreview211/v4/5e/7d/09/5e7d0912-1ce7-02bf-693b-c8e245d7b2f2/mzaf_14687228899021299883.plus.aac.p.m4a,romantic symphony
p0177.ogg,Arthur Rubinstein,"Nocturnes, Op. 9: No. 2 in E-Flat Major",Chopin: Nocturnes,https://audio-ssl.itunes.apple.com/itunes-assets/AudioPreview211/v4/14/c3/0b/14c30ba4-f94e-08d8-d691-f7f045a06064/mzaf_4258878573682678465.plus.aac.p.m4a,romantic symphony
p0178.ogg,Mitski,My Love Mine All Mine,The Land Is Inhospitable and So Are We,https://audio-ssl.itunes.apple.com/itunes-assets/AudioPreview211/v4/d2/7c/a0/d27ca0ea-0c3b-4f2c-bee0-7262b8cc2009/mzaf_12394723955255224276.plus.aac.p.m4a,romantic symphony
p0179.ogg,JVKE,golden hour,this is what ____ feels like (Vol. 1-4),https://audio-ssl.itunes.apple.com/itunes-assets/AudioPreview211/v4/30/02/8c/30028c8a-a125-5466-bcc6-27a83b1c0135/mzaf_16911571635366913039.plus.aac.p.m4a,romantic symphony
p0180.ogg,SEKAI NO OWARI,Romantic,Romantic - Single,https://audio-ssl.itunes.apple.com/itunes-assets/AudioPreview211/v4/b8/6a/d7/b86ad7f8-619a-ab3c-0fc6-0537ef6c4833/mzaf_9965994932141294910.plus.aac.p.m4a,romantic symphony
p0181.ogg,Summer Walker,CPR,Last Day of Summer,https://audio-ssl.itunes.apple.com/itunes-assets/AudioPreview221/v4/db/ed/4b/dbed4b1b-f7b4-5700-4745-e28dce99213a/mzaf_6535597343132478680.plus.aac.p.m4a,romantic symphony
p0182.ogg,Francisco Garcia,Symphony,Romantic Guitar Hits - Guitar Evergreens,https://audio-ssl.itunes.apple.com/itunes-assets/AudioPreview125/v4/77/74/cc/7774cc23-7648-107e-ba2e-8085071adeee/mzaf_10227452657141593230.plus.aac.p.m4a,romantic symphony
p0183.ogg,William Kersten & Vienna Symphonic Library,Romantic Symphony: I. Moderato con brio,Romantic Symphony,https://audio-ssl.itunes.apple.com/itunes-assets/AudioPreview113/v4/b0/b3/78/b0b378d4-af4c-21cf-3efa-5962d9cb50a3/mzaf_3049232381912832797.plus.aac.p.m4a,romantic symphony
p0184.ogg,"Nat ""King"" Cole",The Christmas Song (Merry Christmas to You),The Christmas Song (Expanded Edition),https://audio-ssl.itunes.apple.com/itunes-assets/AudioPreview211/v4/89/af/fc/89affc00-0602-fb41-755f-125a7fc0d034/mzaf_15282982712191027477.plus.aac.p.m4a,romantic symphony
p0185.ogg,The Rolling Stones,"Paint It, Black",Aftermath (US Version),https://audio-ssl.itunes.apple.com/itunes-assets/AudioPreview221/v4/da/f5/ec/daf5ece2-6853-c6a4-d481-389001453f75/mzaf_3869995397273029315.plus.aac.p.m4a,romantic symphony
p0186.ogg,Iron & Wine,"Flightless Bird, American Mouth",The Shepherd's Dog,https://audio-ssl.itunes.apple.com/itunes-assets/AudioPreview115/v4/7a/64/0a/7a640ae3-c849-581b-25b8-6bdd0982f189/mzaf_7342965638613793165.plus.aac.p.m4a,romantic symphony
p0187.ogg,Maren Morris,The Bones,GIRL,https://audio-ssl.itunes.apple.com/itunes-assets/AudioPreview115/v4/d8/ec/d6/d8ecd654-b604-c492-6bf3-a7b23ea51657/mzaf_15298636768595553776.plus.aac.p.m4a,romantic symphony
p0188.ogg,Bruce Springsteen,Born In the U.S.A.,Born In the U.S.A.,https://audio-ssl.itunes.apple.com/itunes-assets/AudioPreview125/v4/47/97/9e/47979e22-8765-4d1b-add9-49f48fe79746/mzaf_9314457552309258705.plus.aac.p.m4a,romantic symphony
p0189.ogg,Claudio Arrau,"Nocturne No. 2 in E-Flat, Op. 9 No. 2",Chopin: The Nocturnes,https://audio-ssl.itunes.apple.com/itunes-assets/AudioPreview115/v4/96/fb/d7/96fbd7f3-c149-3554-863f-08de2d5ec1f3/mzaf_6342333906493048604.plus.aac.p.m4a,romantic symphony
p0190.ogg,Al Green,How Can You Mend a Broken Heart,Let's Stay Together,https://audio-ssl.itunes.apple.com/itunes-assets/AudioPreview221/v4/2e/2f/09/2e2f0984-77d6-6d05-9840-c2ec6bec143f/mzaf_3961117710162055200.plus.aac.p.m4a,romantic symphony
p0191.ogg,Rod Stewart,You're In My Heart (The Final Acclaim),Foot Loose & Fancy Free,https://audio-ssl.itunes.apple.com/itunes-assets/AudioPreview125/v4/b1/c5/e6/b1c5e6c4-26db-1acb-6683-681aaacf8485/mzaf_6983890393862122012.plus.aac.p.m4a,romantic symphony
p0192.ogg,GIVĒON,All To Me,When It's All Said And Done... Take Time,https://audio-ssl.itunes.apple.com/itunes-assets/AudioPreview221/v4/ce/52/39/ce52396f-e36e-c16b-4de7-0c58c2f0fb3f/mzaf_5607082301212151186.plus.aac.p.m4a,romantic symphony
p0193.ogg,UB40,(I Can't Help) Falling in Love With You,Promises and Lies,https://audio-ssl.itunes.apple.com/itunes-assets/AudioPreview221/v4/d6/7b/b1/d67bb144-a25a-fd56-79bd-944133ee8087/mzaf_18216304823587181517.plus.aac.p.m4a,romantic symphony
p0194.ogg,London Symphony Orchestra & Claudio Abbado,Carmen: Prelude. Allegro giocoso – Andante moderato (Fate Motive),Bizet: Carmen,https://audio-ssl.itunes.apple.com/itunes-assets/AudioPreview221/v4/8a/b7/82/8ab7823a-2201-9705-18f2-2b15d2e91fee/mzaf_5090607189118815435.plus.aac.p.m4a,romantic symphony
p0195.ogg,Phil Collins,A Groovy Kind of Love,The Singles (Remastered),https://audio-ssl.itunes.apple.com/itunes-assets/AudioPreview125/v4/e1/6c/5c/e16c5c78-3726-3744-be39-dfe3f1748691/mzaf_15322360662171366708.plus.aac.p.m4a,romantic symphony
p0196.ogg,Darlene Love,Christmas (Baby Please Come Home),A Christmas Gift For You From Phil Spector,https://audio-ssl.itunes.apple.com/itunes-assets/AudioPreview126/v4/96/eb/6b/96eb6b57-9e9b-3b39-840d-4ffa956d3032/mzaf_4626814990486563037.plus.aac.p.m4a,romantic symphony
p0197.ogg,Vienna Philharmonic & Herbert von Karajan,"Symphony No. 9 in E Minor, Op. 95, B. 178 ""From the New World"": IV. Allegro con fuoco","Dvořák: Symphony No. 9 ""From the New World"" - Smetana: The Moldau",https://audio-ssl.itunes.apple.com/itunes-assets/AudioPreview221/v4/f4/7b/d1/f47bd167-45a3-35ec-eff4-c7072aed2e47/mzaf_2498781197002130471.plus.aac.p.m4a,romantic symphony
p0198.ogg,Clean Bandit & Mabel,Tick Tock (feat. 24kGoldn),Tick Tock (feat. 24kGoldn) - Single,https://audio-ssl.itunes.apple.com/itunes-assets/AudioPreview125/v4/59/e6/a9/59e6a994-635e-9435-9e09-efa945047399/mzaf_3022717484510933708.plus.aac.p.m4a,romantic symphony
p0199.ogg,Kacey Musgraves,Can't Help Falling in Love,ELVIS (Original Motion Picture Soundtrack),https://audio-ssl.itunes.apple.com/itunes-assets/AudioPreview221/v4/b4/cd/05/b4cd055d-3af3-2d7e-c5fd-657f5082acf3/mzaf_10925835438436348853.plus.aac.p.m4a,romantic symphony
p0200.ogg,London Symphony Orchestra & Antonio Pappano,"Symphony No. 7 in A Major, Op. 92: II. Allegretto",Beethoven: Symphony No. 7 - Kendall: O Flower of Fire,https://audio-ssl.itunes.apple.com/itunes-assets/AudioPreview221/v4/98/9e/a5/989ea52b-1028-54ee-3c97-4420f5596000/mzaf_9005792862611940718.plus.aac.p.m4a,romantic symphony
p0201.ogg,Kane Brown & Katelyn Brown,Thank God,Different Man,https://audio-ssl.itunes.apple.com/itunes-assets/AudioPreview221/v4/0c/e9/f3/0ce9f399-9b6b-5dd6-c09b-c1707a954543/mzaf_3153479055636681331.plus.aac.p.m4a,romantic symphony
p0202.ogg,Boyz II Men,I'll Make Love to You,II (Bonus Videos Edition),https://audio-ssl.itunes.apple.com/itunes-assets/AudioPreview211/v4/c0/59/5b/c0595bbb-1740-f7ef-02a6-199ffaf53542/mzaf_10945857442203294734.plus.aac.p.m4a,romantic symphony
p0203.ogg,Daniel Barenboim & Staatskapelle Berlin,Symphony No. 5 in C Minor Op. 67: I. Allegro con brio,Beethoven: Symphonies Nos. 4 & 5,https://audio-ssl.itunes.apple.com/itunes-assets/AudioPreview211/v4/91/39/fd/9139fd50-e8db-aa03-1386-5edb1eae491a/mzaf_14622456531304988369.plus.aac.p.m4a,romantic symphony
p0204.ogg,Daryl Hall & John Oates,You Make My Dreams (Come True),The Very Best of Daryl Hall & John Oates,https://audio-ssl.itunes.apple.com/itunes-assets/AudioPreview126/v4/7f/bc/d1/7fbcd150-c9cc-e0c5-cb3c-31cf834ff319/mzaf_7735314311852299952.plus.aac.p.m4a,romantic symphony
p0205.ogg,Bertrand Chamayou,"Songs Without Words, Book I, Op. 19b: No. 1, Andante con moto, MWV U86 ""Sweet Remembrance""",Felix Mendelssohn: Songs Without Words,https://audio-ssl.itunes.apple.com/itunes-assets/AudioPreview211/v4/1b/b9/73/1bb9730c-cd4a-e311-ab3a-e1a1a7dd9319/mzaf_8046011835785445191.plus.aac.p.m4a,romantic symphony
p0206.ogg,Aaliyah,At Your Best (You Are Love),Age Ain't Nothing But a Number (Deluxe),https://audio-ssl.itunes.apple.com/itunes-assets/AudioPreview116/v4/69/1c/b7/691cb7ba-96ee-7a7a-1d4b-ef1283698400/mzaf_13598779560432541500.plus.aac.p.m4a,romantic symphony
p0207.ogg,Berlin Philharmonic & Sir Simon Rattle,"Symphony No. 7 in A Major, Op. 92: IV. Allegro con brio",Beethoven: Symphonies Nos. 1–9 (Deluxe Edition),https://audio-ssl.itunes.apple.com/itunes-assets/AudioPreview126/v4/1f/44/4b/1f444ba4-882c-1144-7f90-a6174d23c4f4/mzaf_10141844997252263917.plus.aac.p.m4a,romantic symphony
p0208.ogg,"HAUSER, London Symphony Orchestra, Robert Ziegler & Simon Rhodes",Kiss the Rain,Classic II,https://audio-ssl.itunes.apple.com/itunes-assets/AudioPreview211/v4/4f/6c/7c/4f6c7ccf-c1c5-e08d-2ae8-78d86a4836c0/mzaf_10674133500455018285.plus.aac.p.m4a,romantic symphony
p0209.ogg,Krystian Zimerman & Polish Festival Orchestra,"Piano Concerto No. 1 in E Minor, Op. 11: 3. Rondo (Vivace)",Chopin: Piano Concertos Nos.1 & 2,https://audio-ssl.itunes.apple.com/itunes-assets/AudioPreview115/v4/65/e8/d5/65e8d51f-b5bd-e2fa-971e-404db51f7e88/mzaf_1904694591311383701.plus.aac.p.m4a,romantic symphony
p0210.ogg,"Yo-Yo Ma, Leonidas Kavakos & Emanuel Ax","Piano Trio No. 4 in B-Flat Major, Op. 11 ""Gassenhauer"": II. Adagio","Beethoven for Three: Symphony No. 1 / Op. 70, No. 1 ""Ghost"" / Op. 11 ""Gassenhauer""",https://audio-ssl.itunes.apple.com/itunes-assets/AudioPreview211/v4/07/de/79/07de7953-4f9e-1abb-dc4c-780efbc7aed2/mzaf_8253200497766799059.plus.aac.p.m4a,romantic symphony
p0211.ogg,The Piano Guys,Over the Rainbow / Simple Gifts,The Piano Guys,https://audio-ssl.itunes.apple.com/itunes-assets/AudioPreview116/v4/05/8d/8e/058d8ebe-8045-8e03-3caf-140e2927d083/mzaf_12931220441546649559.plus.aac.p.m4a,romantic symphony
p0212.ogg,Vladimir Ashkenazy,"Polonaise No. 6 in A-Flat, Op. 53 -""Heroic""",Chopin: Polonaises,https://audio-ssl.itunes.apple.com/itunes-assets/AudioPreview211/v4/44/9f/2a/449f2a35-fc84-607b-1b89-c59e4ddda75c/mzaf_9640038761375978451.plus.aac.p.m4a,romantic symphony
p0213.ogg,"Yuja Wang, Boston Symphony Orchestra & Andris Nelsons","Piano Concerto No. 2 in F Major, Op. 102: II. Andante",Shostakovich: The Piano Concertos & Solo Works,https://audio-ssl.itunes.apple.com/itunes-assets/AudioPreview221/v4/ff/f6/47/fff6474f-59e1-2a22-5e5f-fc2c905c79c1/mzaf_9593696598431029966.plus.aac.p.m4a,romantic symphony
p0214.ogg,London Symphony Orchestra & John Eliot Gardiner,"Overture to ""A Midsummer Night's Dream"", Op. 21: Allegro di molto",Mendelssohn: A Midsummer Night's Dream,https://audio-ssl.itunes.apple.com/itunes-assets/AudioPreview125/v4/20/64/01/2064018f-b979-9123-47c9-668b7df5ebe4/mzaf_10737991374289072358.plus.aac.p.m4a,romantic symphony
p0215.ogg,Kane Brown,Heaven,Kane Brown (Deluxe Edition),https://audio-ssl.itunes.apple.com/itunes-assets/AudioPreview221/v4/1b/ed/27/1bed272e-2eb2-6efc-7982-70fdd211f31d/mzaf_7613123197809879555.plus.aac.p.m4a,romantic symphony
p0216.ogg,Shaggy,Angel (feat. Rayvon),Hot Shot,https://audio-ssl.itunes.apple.com/itunes-assets/AudioPreview221/v4/b0/57/89/b0578956-56fd-196e-5d7d-58868a6a2c1a/mzaf_13889189536173874228.plus.aac.p.m4a,romantic symphony
p0217.ogg,"Hallé, Sir Mark Elder & Lyn Fletcher",The Lark Ascending,"Vaughan Williams: Symphony No. 7 ""Sinfonia Antartica"" & Symphony No. 9",https://audio-ssl.itunes.apple.com/itunes-assets/AudioPreview126/v4/86/d9/2a/86d92a10-14e3-9932-7169-2c3b4e1fa4fc/mzaf_1595241753235501832.plus.aac.p.m4a,romantic symphony
p0218.ogg,Sarah Brightman,Time To Say Goodbye (Con Te Partirè) [feat. Andrea Bocelli],Romanza,https://audio-ssl.itunes.apple.com/itunes-assets/AudioPreview211/v4/fa/7c/3a/fa7c3a65-c91b-53e1-a026-a3aaffc5a9d4/mzaf_15504646697983187634.plus.aac.p.m4a,romantic symphony
p0219.ogg,Hans Zimmer,Jack Sparrow,Pirates of the Caribbean: Dead Man's Chest (Soundtrack from the Motion Picture),https://audio-ssl.itunes.apple.com/itunes-assets/AudioPreview125/v4/d4/e1/f3/d4e1f36d-3dbb-ea41-c11f-ac13a3ff2162/mzaf_3223665131766879819.plus.aac.p.m4a,romantic symphony
p0220.ogg,Sir Colin Davis & London Symphony Orchestra,"Enigma Variations, Op. 36: Variation IX. Adagio ""Nimrod"" (Live)","Elgar: Enigma Variations, Introduction & Allegro (Live)",https://audio-ssl.itunes.apple.com/itunes-assets/AudioPreview221/v4/4e/1d/1b/4e1d1b34-8d5b-eec4-f8d6-6e005d4ca057/mzaf_17574857515697515264.plus.aac.p.m4a,romantic symphony
p0221.ogg,Dan + Shay,All To Myself,Dan + Shay,https://audio-ssl.itunes.apple.com/itunes-assets/AudioPreview116/v4/75/75/a1/7575a17b-0771-55b4-c964-a8139daf4659/mzaf_1566836733425188153.plus.aac.p.m4a,romantic symphony
p0222.ogg,Iyaz,Replay,Replay - Single,https://audio-ssl.itunes.apple.com/itunes-assets/AudioPreview211/v4/7c/91/67/7c916728-48c7-7cd6-0d82-1ee253bb067e/mzaf_1054678641743982446.plus.aac.p.m4a,romantic symphony
p0223.ogg,John Powell,Romantic Flight,How To Train Your Dragon (Music From the Motion Picture),https://audio-ssl.itunes.apple.com/itunes-assets/AudioPreview125/v4/b3/2d/3d/b32d3d53-40ab-85f5-fb73-69f977193a2a/mzaf_258254067392708986.plus.aac.p.m4a,romantic symphony
p0224.ogg,Frank Sinatra,Have Yourself a Merry Little Christmas,A Jolly Christmas from Frank Sinatra (50th Anniversary Edition),https://audio-ssl.itunes.apple.com/itunes-assets/AudioPreview211/v4/40/9a/9c/409a9cd4-3e3f-9de7-fd54-415d222ed767/mzaf_5069832685158933356.plus.aac.p.m4a,romantic symphony
p0225.ogg,The Verve,Bitter Sweet Symphony,Cruel Intentions (Music from the Original Motion Picture Soundtrack),https://audio-ssl.itunes.apple.com/itunes-assets/AudioPreview221/v4/71/67/6b/71676b4f-ed4c-a407-6807-d4b575467504/mzaf_10760070151791476697.plus.aac.p.m4a,romantic symphony
p0226.ogg,Seiji Ozawa & Boston Symphony Orchestra,"Romeo And Juliet, Op. 64, Act I: 13. Dance Of The Knights",50 Classical Masterworks,https://audio-ssl.itunes.apple.com/itunes-assets/AudioPreview221/v4/aa/45/89/aa4589b7-e19f-b5a2-911c-0cc1c6916c51/mzaf_15835940099143380953.plus.aac.p.m4a,romantic symphony
p0227.ogg,Ryan Hurd & Maren Morris,Chasing After You,Chasing After You - Single,https://audio-ssl.itunes.apple.com/itunes-assets/AudioPreview221/v4/7b/12/36/7b12369d-be9c-1b08-ebaf-5820b6ff7e68/mzaf_5020852964893825640.plus.aac.p.m4a,romantic symphony
p0228.ogg,London Symphony Orchestra & Josef Krips,"Symphony No. 7 in A Major, Op. 92: II. Allegretto",Beethoven: The Complete Symphony Collection,https://audio-ssl.itunes.apple.com/itunes-assets/AudioPreview115/v4/2d/dd/1d/2ddd1d0e-6e38-88d0-786f-8d427ad40f32/mzaf_15650359682586249842.plus.aac.p.m4a,romantic symphony
p0229.ogg,"Ed Sheeran, Chris Stapleton & Bruno Mars",BLOW,No.6 Collaborations Project,https://audio-ssl.itunes.apple.com/itunes-assets/AudioPreview211/v4/d3/6f/65/d36f6546-0442-63c3-a9dd-85129a6ba5f3/mzaf_17651687746710562841.plus.aac.p.m4a,romantic symphony
p0230.ogg,The Supremes,I Hear a Symphony,I Hear A Symphony,https://audio-ssl.itunes.apple.com/itunes-assets/AudioPreview125/v4/73/da/e0/73dae095-e698-c2fc-19c0-f148d4910010/mzaf_16861245765366686094.plus.aac.p.m4a,romantic symphony
p0231.ogg,Lang Lang,"Grande Valse Brillante Op. 18, No. 1 in E-Flat Major",Lang Lang - The Chopin Album (incl. videos),https://audio-ssl.itunes.apple.com/itunes-assets/AudioPreview211/v4/a6/b3/1c/a6b31cdd-3279-ae19-23d9-fe1011f74796/mzaf_10172240874397031937.plus.aac.p.m4a,romantic symphony
p0232.ogg,Leonard Bernstein & New York Philharmonic,Adagio for Strings,Barber's Adagio and other Romantic Favorites for Strings,https://audio-ssl.itunes.apple.com/itunes-assets/AudioPreview211/v4/5b/9e/db/5b9edb44-8028-1168-9002-0c5c2db8565d/mzaf_16788306060957760961.plus.aac.p.m4a,romantic symphony
p0233.ogg,Vladimir Horowitz,"Étude in C Minor, Op. 10, No. 12 ""Revolutionary""","Chopin: Ballades, Preludes and Etudes, Vol. 2",https://audio-ssl.itunes.apple.com/itunes-assets/AudioPreview125/v4/43/80/5a/43805ac5-1261-2392-e5d0-8341ae827544/mzaf_3762323251086513143.plus.aac.p.m4a,romantic symphony
p0234.ogg,Alina Kay & Ozz Gold,Everything is romantic (Reimagined),Everything is romantic (Reimagined) - Single,https://audio-ssl.itunes.apple.com/itunes-assets/AudioPreview211/v4/18/7a/64/187a64d1-b3cb-f97c-8176-4e75d6c94cfc/mzaf_12150769540853946482.plus.aac.p.m4a,romantic symphony
p0235.ogg,"Martha Argerich, London Symphony Orchestra & Claudio Abbado","Piano Concerto No. 1 in E Minor, Op. 11: I. Allegro maestoso","Chopin: Piano Concerto No. 1 in E Minor, Op. 11",https://audio-ssl.itunes.apple.com/itunes-assets/AudioPreview211/v4/05/7c/e5/057ce529-5974-4827-15cb-bb8c2b83ed93/mzaf_1944151296653832741.plus.aac.p.m4a,romantic symphony
p0236.ogg,Los Angeles Philharmonic & Gustavo Dudamel,"The Nutcracker, Op. 71, TH 14, Act I: No. 2, March (Live at Walt Disney Concert Hall, Los Angeles / 2013)","Tchaikovsky: The Nutcracker, Op. 71, TH 14 (Live at Walt Disney Concert Hall, Los Angeles 2013)",https://audio-ssl.itunes.apple.com/itunes-assets/AudioPreview211/v4/3f/f5/d6/3ff5d62d-79c1-ac2c-5fcb-4f7850bdeb45/mzaf_16389112532802843412.plus.aac.p.m4a,romantic symphony
p0237.ogg,Vienna Philharmonic & Franz Welser-Möst,"Symphony No. 8 in G Minor, Op. 88, B. 163: III. Allegretto grazioso - Molto vivace",Wagner / Strauss / Dvořák,https://audio-ssl.itunes.apple.com/itunes-assets/AudioPreview221/v4/b4/06/6e/b4066e24-241e-519f-0e92-4f0323108ebe/mzaf_6847419514762826206.plus.aac.p.m4a,romantic symphony
p0238.ogg,Josef Krips & London Symphony Orchestra,"Symphony No. 9 in D Minor, Op. 125 ""Choral"": II. Molto vivace",Beethoven: The Complete Symphony Collection,https://audio-ssl.itunes.apple.com/itunes-assets/AudioPreview125/v4/57/37/f3/5737f310-44bd-3305-5764-8d64dee66001/mzaf_18041609543189031657.plus.aac.p.m4a,romantic symphony
p0239.ogg,Gerry Rafferty,Right Down the Line,City to City,https://audio-ssl.itunes.apple.com/itunes-assets/AudioPreview112/v4/f9/de/86/f9de8670-0aa2-f815-f90a-d6f4254ac29a/mzaf_1840983217318001352.plus.aac.p.m4a,romantic symphony
p0240.ogg,"Richard Armstrong, London Philharmonic Orchestra & Roberto Alagna","Carmen, opéra-comique in 4 acts Act II: La fleur que tu m'avais jetée",Alagna: Opera Arias,https://audio-ssl.itunes.apple.com/itunes-assets/AudioPreview125/v4/14/7b/2c/147b2c64-b7e7-274a-a013-b2a7a6fcd4e6/mzaf_3567139231708360507.plus.aac.p.m4a,opera aria
p0241.ogg,"Rory Marsden, Alexander Wilson, Alex Tschallener & Jarmila Vantuchová","Carmen, Act I: L'amour est un oiseau rebelle",Opera Arias,https://audio-ssl.itunes.apple.com/itunes-assets/AudioPreview114/v4/6e/86/c6/6e86c6db-005a-4e96-1ec6-95fc84f99f54/mzaf_18041631532455731016.plus.aac.p.m4a,opera aria
p0242.ogg,"Charles K. L. Davis, New York Philharmonic & Wilfred Pelletier","Turandot: Act III - ""Nessun Dorma""",66 Most Beautiful Opera Arias,https://audio-ssl.itunes.apple.com/itunes-assets/AudioPreview115/v4/e9/ce/1a/e9ce1a9d-2580-90e4-c177-0d1117085cf3/mzaf_13385667730055899186.plus.aac.p.m4a,opera aria
p0243.ogg,"Rory Marsden, Alexander Wilson, Alex Tschallener & Giuseppe Verdi","La Traviata, Act I: Libiamo, ne'lieti calici",Opera Arias,https://audio-ssl.itunes.apple.com/itunes-assets/AudioPreview125/v4/85/93/a2/8593a233-50a4-8f09-3cec-493da8a48da7/mzaf_1508725484655895354.plus.aac.p.m4a,opera aria
p0244.ogg,"Sir Thomas Beecham, Orchestre National de France, Choeur National de la Radiodiffusion Française, Bernard Plantey, Xavier Depraz, Victoria de los Ángeles, Ernest Blanc, Denise Monteil & Marcelle Croisier","Carmen, Act II: ""Votre toast, je peux vous le rendre""","100 Essential Opera Arias, Songs & Overtures",https://audio-ssl.itunes.apple.com/itunes-assets/AudioPreview125/v4/30/22/89/3022897c-88b3-3bd2-d75c-82b8b051acf8/mzaf_4232531376501540817.plus.aac.p.m4a,opera aria
p0245.ogg,"Anna Netrebko, Vienna Philharmonic & Gianandrea Noseda","La Bohème, Act I: ""Quando me'n vò"" (Musette's Waltz, Concert Version)",Opera Arias,https://audio-ssl.itunes.apple.com/itunes-assets/AudioPreview115/v4/b6/87/99/b687991a-5749-6138-a384-d54d8be5fb07/mzaf_3666410741332413227.plus.aac.p.m4a,opera aria
p0246.ogg,"Bryn Terfel, James Levine & The Metropolitan Opera Orchestra","Die Zauberflöte, K. 620: Der Vogelfänger Bin Ich Ja (Papageno)",Bryn Terfel: Opera Arias,https://audio-ssl.itunes.apple.com/itunes-assets/AudioPreview115/v4/cb/9a/ee/cb9aeeda-761d-b5f8-6422-f6b5d88f528e/mzaf_5647537529028610893.plus.aac.p.m4a,opera aria
p0247.ogg,"Dame Kiri Te Kanawa, John Pritchard & Paris Opera Orchestra",Don Giovanni: Mi Tradì Quell'alma e' Buona,Italian Opera Arias,https://audio-ssl.itunes.apple.com/itunes-assets/AudioPreview125/v4/73/4e/1d/734e1de3-d759-4e41-c237-a9f5976a9ec9/mzaf_5355805564283098884.plus.aac.p.m4a,opera aria
p0248.ogg,"Czech Symphony Orchestra, Prague Philharmonic Choir, Julian Bigg & Steven Page","The Barber of Seville: Act I - ""Largo Al Factotum""",66 Most Beautiful Opera Arias,https://audio-ssl.itunes.apple.com/itunes-assets/AudioPreview125/v4/35/8e/4a/358e4acd-9ded-acd2-4f9d-346a280c08e5/mzaf_389699073445786371.plus.aac.p.m4a,opera aria
p0249.ogg,"Czech Symphony Orchestra, Julian Bigg, Susan McCulloch & Anne-Marie Owens","The Tales of Hoffmann (""Les Contes D'Hoffmann""): Act II - ""Barcarole""",66 Most Beautiful Opera Arias,https://audio-ssl.itunes.apple.com/itunes-assets/AudioPreview125/v4/4c/bf/97/4cbf9703-d274-8727-1ad7-fcd0ed726eb5/mzaf_8415406665145230889.plus.aac.p.m4a,opera aria
p0250.ogg,"Georges Prêtre, Maria Callas, Paris Opera Orchestra & Chœurs de l'Opéra national de Paris","Carmen, WD 31, Act I: L'amour est un oiseau rebelle (Habanera)",Best Opera Arias,https://audio-ssl.itunes.apple.com/itunes-assets/AudioPreview115/v4/20/5e/6a/205e6a73-b577-dc8c-5734-8f25fa60a03b/mzaf_12726630666372733911.plus.aac.p.m4a,opera aria
p0251.ogg,London Philharmonic Orchestra & David Parry,"Orchestral Suite No. 3 in D Major, BWV 1068: II. Air",The 50 Greatest Pieces of Classical Music,https://audio-ssl.itunes.apple.com/itunes-assets/AudioPreview211/v4/96/da/dc/96dadc05-96db-5a0a-fba7-527671aa2153/mzaf_2567273436676299052.plus.aac.p.m4a,opera aria
p0252.ogg,Yannick Nézet-Séguin & Chamber Orchestra of Europe,"Le nozze di Figaro, K. 492: Sinfonia","Mozart: Le nozze di Figaro, K. 492",https://audio-ssl.itunes.apple.com/itunes-assets/AudioPreview125/v4/dc/e3/ec/dce3ec46-9900-0e5e-8c4a-19b6c2b4ceec/mzaf_13528483511072476544.plus.aac.p.m4a,opera aria
p0253.ogg,"Bulgarian National Radio Symphony Orchestra, John Landor & Rachel Rosales","The Magic Flute (""Die Zauberflöte""), K. 620: Act II - ""Der Hölle Rache""",66 Most Beautiful Opera Arias,https://audio-ssl.itunes.apple.com/itunes-assets/AudioPreview125/v4/99/38/07/99380738-e922-1fe1-c856-02b128fd5cc1/mzaf_8620997454922537620.plus.aac.p.m4a,opera aria
p0254.ogg,"Emmanuelle Haïm, Le Concert d'Astrée & Natalie Dessay","Cleopatra - Arias from Giulio Cesare in Egitto, HWV 17: Atto terzo - Scene 3: Piangerò la sorte mia","Handel : ""Cleopatra"" - Giulio Cesare Opera arias",https://audio-ssl.itunes.apple.com/itunes-assets/AudioPreview115/v4/35/f2/bf/35f2bf2f-6cf4-747a-9310-4ee8e9f49e1a/mzaf_17704987559440134408.plus.aac.p.m4a,opera aria
p0255.ogg,Teodor Currentzis & MusicAeterna,"Don Giovanni, K. 527, Act I: Ouvertura","Mozart: Don Giovanni, K. 527",https://audio-ssl.itunes.apple.com/itunes-assets/AudioPreview125/v4/a8/fc/a4/a8fca44a-5e1d-62d1-ca10-5d49733079a2/mzaf_4966933109525914456.plus.aac.p.m4a,opera aria
p0256.ogg,"Choeurs René Duclos, Georges Prêtre, Jean Laforge, Maria Callas & Paris Opera Orchestra","Carmen, Act I: L'amour est un oiseau rebelle (""Habanera"") [Carmen, Chorus]",Pure Maria Callas,https://audio-ssl.itunes.apple.com/itunes-assets/AudioPreview221/v4/f3/48/dc/f348dcd3-e5e4-b4eb-2a00-a336763459b8/mzaf_2420131728633390642.plus.aac.p.m4a,opera aria
p0257.ogg,"Czech Symphony Orchestra, Julian Bigg & Anne-Marie Owens","Carmen: Act I - ""Habanera""",66 Most Beautiful Opera Arias,https://audio-ssl.itunes.apple.com/itunes-assets/AudioPreview125/v4/05/52/f2/0552f2d8-c76d-d9b6-6658-e97b0c4f680f/mzaf_7756108190288922368.plus.aac.p.m4a,opera aria
p0258.ogg,"Bulgarian National Radio Symphony Orchestra, John Landor & Edward Pleasant","The Magic Flute ""Die Zauberflöte"", K. 620: Act I - ""Der Vogelfänger""",66 Most Beautiful Opera Arias,https://audio-ssl.itunes.apple.com/itunes-assets/AudioPreview125/v4/d9/fa/89/d9fa898a-3c64-eef4-4ebe-b42eab4b1333/mzaf_6257908136136608036.plus.aac.p.m4a,opera aria
p0259.ogg,"Dame Kiri Te Kanawa, John Pritchard & London Philharmonic Orchestra",Quando me'n vo' soletta per la via from Act II of La bohème (Musetta's Waltz Song),Great Opera Arias by Donizetti; Bellini; Mozart; Verdi & Puccini,https://audio-ssl.itunes.apple.com/itunes-assets/AudioPreview115/v4/66/c8/cd/66c8cd3d-c1a9-a6e0-b28a-3b3697be722c/mzaf_2378828484404177749.plus.aac.p.m4a,opera aria
p0260.ogg,"Michel Plasson, Orchestre National du Capitole de Toulouse & Natalie Dessay","Roméo et Juliette, Act 1: ""Ah! Je veux vivre dans le rêve"" (Juliette)",French Opera Arias,https://audio-ssl.itunes.apple.com/itunes-assets/AudioPreview115/v4/2a/5f/73/2a5f73dc-0c04-745d-56a9-6d98350e6cc6/mzaf_11527037940405619365.plus.aac.p.m4a,opera aria
p0261.ogg,"Ileana Cotrubas, John Pritchard & Philharmonia Orchestra","Si, mi chiamano Mimi from La bohème",Great Opera Arias by Donizetti; Bellini; Mozart; Verdi & Puccini,https://audio-ssl.itunes.apple.com/itunes-assets/Music/b0/93/4f/mzm.nfkmmkbi.aac.p.m4a,opera aria
p0262.ogg,Brewer Chamber Orchestra & Rudolph Palmer Madeleine Tsingopoulos,"Rinaldo: Act II - ""Laschia Ch'io Pianga""",66 Most Beautiful Opera Arias,https://audio-ssl.itunes.apple.com/itunes-assets/AudioPreview125/v4/97/25/11/9725116c-3d72-faab-8442-f5b68281c123/mzaf_12394212713285371755.plus.aac.p.m4a,opera aria
p0263.ogg,"Dame Kiri Te Kanawa, Paris Opera Orchestra & John Pritchard",Ah! Fuggi il traditor from Don Giovanni,Great Opera Arias by Donizetti; Bellini; Mozart; Verdi & Puccini,https://audio-ssl.itunes.apple.com/itunes-assets/AudioPreview115/v4/77/51/41/775141f0-9dfa-0b4b-dbec-3d81c62a7ae4/mzaf_15801923508839240125.plus.aac.p.m4a,opera aria
p0264.ogg,"Luciano Pavarotti, Dame Joan Sutherland, The London Opera Chorus, National Philharmonic Orchestra & Richard Bonynge","La traviata, Act I: Libiamo ne' lieti calici",Pavarotti (Music from the Motion Picture),https://audio-ssl.itunes.apple.com/itunes-assets/AudioPreview211/v4/e2/b3/3a/e2b33a9d-fc94-9624-ac89-184a2cec6f30/mzaf_16468329817695783484.plus.aac.p.m4a,opera aria
p0265.ogg,"Sumi Jo, Rundfunk-Sinfonieorchester Berlin & Roberto Paternostro","Die Zauberflote (The Magic Flute), K. 620, Act II: Der Holle Rache Kocht In Meinem Herzen","Mozart, Bellini, Verdi, Rossini, Gounod, Massenet, Puccini, Schmidt & Wagner: Opera Arias",https://audio-ssl.itunes.apple.com/itunes-assets/AudioPreview125/v4/99/f4/e7/99f4e77c-23b2-78ff-f394-c36582329ea3/mzaf_14295911353160373809.plus.aac.p.m4a,opera aria
p0266.ogg,"Marina Rebeka, Royal Liverpool Philharmonic Orchestra & Speranza Scappucci","Die Entführung aus dem Serail, K. 384: ""Traurigkeit ward mir zum Lose"" (Konstanze)",Mozart: Opera Arias,https://audio-ssl.itunes.apple.com/itunes-assets/AudioPreview125/v4/59/f5/8d/59f58d4f-3581-914a-c5f1-1f07a74407f9/mzaf_12931178407640682862.plus.aac.p.m4a,opera aria
p0267.ogg,"Czech Symphony Orchestra, Julian Bigg & Steven Page","Carmen: Act II - ""Votre Toast Je Peux Vous Rendre"" (Toreador's Song)",66 Most Beautiful Opera Arias,https://audio-ssl.itunes.apple.com/itunes-assets/AudioPreview125/v4/79/23/df/7923df2d-117e-4b91-2bd4-59717d99f2d5/mzaf_8199416455559907681.plus.aac.p.m4a,opera aria
p0268.ogg,"Marie-Nicole Lemieux, Opéra Orchestre national de Montpellier Occitanie & Enrique Mazzola",Il barbiere di Siviglia: Una voce poco fa (Live),Rossini: Opera Arias & Duets (Live),https://audio-ssl.itunes.apple.com/itunes-assets/AudioPreview211/v4/d2/d4/11/d2d41140-83f4-0ae4-832a-f89e242404c3/mzaf_6386823096367061068.plus.aac.p.m4a,opera aria
p0269.ogg,"Diana Damrau, Le Cercle de l'Harmonie & Jérémie Rhorer","Die Zauberflöte, K. 620, Act II: ""Der Hölle Rache"" (Königin der Nacht)","Mozart, Righini, Salieri: Arie di bravura",https://audio-ssl.itunes.apple.com/itunes-assets/AudioPreview125/v4/f5/19/c8/f519c81e-92ec-1256-6d38-d172cfd3f09f/mzaf_12523567515728644460.plus.aac.p.m4a,opera aria
p0270.ogg,"London Philharmonic Orchestra, David Parry & London Philharmonic Choir","The Messiah, HWV 56: Hallelujah Chorus",The 50 Greatest Pieces of Classical Music,https://audio-ssl.itunes.apple.com/itunes-assets/AudioPreview221/v4/93/b7/16/93b7167c-f444-94e5-b3f0-baa6c2248385/mzaf_4109710656839566785.plus.aac.p.m4a,opera aria
p0271.ogg,"Bulgarian National Radio Symphony Orchestra, John Landor, Christine Moore & Rachel Rosales","Lakmé: Act I - ""Dome Epais"" (Flower Duet)",66 Most Beautiful Opera Arias,https://audio-ssl.itunes.apple.com/itunes-assets/AudioPreview125/v4/c2/22/48/c2224882-80b5-b860-3a6d-a605e7d0bc25/mzaf_8703899241938980292.plus.aac.p.m4a,opera aria
p0272.ogg,"Elīna Garanča, Latvian National Symphony Orchestra & Alexandrs Vilumanis","Le nozze di Figaro (The Marriage of Figaro), K. 492: Act II: Voi, che sapete che cosa e amor",Opera Arias (Favourite),https://audio-ssl.itunes.apple.com/itunes-assets/AudioPreview115/v4/17/3f/c1/173fc1f9-5c41-42a2-9157-c8eade7919b2/mzaf_938336845148173029.plus.aac.p.m4a,opera aria
p0273.ogg,"Brewer Chamber Orchestra, Rudolph Palmer & Jennifer Lane","Serse (Xerxes): Act I - ""Ombra Mai Fu""",66 Most Beautiful Opera Arias,https://audio-ssl.itunes.apple.com/itunes-assets/AudioPreview125/v4/44/88/a2/4488a249-4346-d606-7988-4971eedebba5/mzaf_3028956801867052502.plus.aac.p.m4a,opera aria
p0274.ogg,"Luciano Pavarotti, John Alldis Choir, Wandsworth School Boys' Choir, London Philharmonic Orchestra & Zubin Mehta","Turandot, Act III: ""Nessun dorma!"" (Remastered 2013)",Pavarotti The 50 Greatest Tracks,https://audio-ssl.itunes.apple.com/itunes-assets/AudioPreview115/v4/d3/a4/6b/d3a46bb6-13b8-9ef9-b9eb-a8fa4595a026/mzaf_12445656601223835661.plus.aac.p.m4a,opera aria
p0275.ogg,"Anna Netrebko, Elīna Garanča, SWR Sinfonieorchester Baden-Baden und Freiburg & Marco Armiliato","Lakmé: Viens, Mallika, ... Dôme épais (Flower Duet)",The Opera Gala - Live from Baden-Baden,https://audio-ssl.itunes.apple.com/itunes-assets/AudioPreview115/v4/1f/2a/4c/1f2a4c96-a773-0190-1b16-21aebbfb26b8/mzaf_9881605376649474680.plus.aac.p.m4a,opera aria
p0276.ogg,"Simone Kermes, Le Musiche Nove & Claudio Osele","L'Olimpiade: Tu Me Da Me Dividi (Aria Di Aristea. Atto II, Scena 9.)",Lava - Opera Arias from 18th Century Naples,https://audio-ssl.itunes.apple.com/itunes-assets/AudioPreview115/v4/90/9f/98/909f9899-69e8-b3a1-7fa2-f3e4324a3a43/mzaf_15944699734282828863.plus.aac.p.m4a,opera aria
p0277.ogg,"Renata Scotto, Gianandrea Gavazzeni & London Symphony Orchestra","La Bohème, Act II: ""Quando M'en Vo' Soletta (Musetta's Waltz)""",Renata Scotto: Italian Opera Arias,https://audio-ssl.itunes.apple.com/itunes-assets/AudioPreview115/v4/4c/ad/50/4cad505a-1987-6249-18b6-01c677fd42df/mzaf_4415468745520211888.plus.aac.p.m4a,opera aria
p0278.ogg,"Bulgarian National Radio Symphony Orchestra, John Landor & Patrick Marques","The Magic Flute (""Die Zauberflöte""), K. 620: Act I - ""Dies Bildnis""",66 Most Beautiful Opera Arias,https://audio-ssl.itunes.apple.com/itunes-assets/AudioPreview115/v4/bb/cc/5a/bbcc5a23-3b0d-a2d7-a46c-6ae74c4f5920/mzaf_7832346127061626619.plus.aac.p.m4a,opera aria
p0279.ogg,"Czech Symphony Orchestra, Julian Bigg, Prague Philharmonic Choir, John Oakman & Susan McCulloch","La Traviata: Act I - ""Libiamo Ne'lieti"" (Brindisi )",66 Most Beautiful Opera Arias,https://audio-ssl.itunes.apple.com/itunes-assets/AudioPreview115/v4/20/00/c6/2000c645-f06f-ec44-a56f-8005611bc270/mzaf_15713334510142482266.plus.aac.p.m4a,opera aria
p0280.ogg,"Luciano Pavarotti, Richard Bonynge, National Philharmonic Orchestra, Dame Joan Sutherland & The London Opera Chorus","La traviata, Act I: Libiamo ne'lieti calici",Verdi: La Traviata,https://audio-ssl.itunes.apple.com/itunes-assets/AudioPreview211/v4/cc/c7/8e/ccc78e59-eafc-00f8-a4a0-bb8248da232c/mzaf_6739545534446438188.plus.aac.p.m4a,opera aria
p0281.ogg,"Anna Netrebko, Vienna Philharmonic, Gianandrea Noseda & David Aronson","Idomeneo, re di Creta, K. 366, Act I: ""Quando avran fine omai"" - ""Padre, germani, addio!""",Opera Arias,https://audio-ssl.itunes.apple.com/itunes-assets/AudioPreview125/v4/4d/9d/86/4d9d8698-a5b7-089d-aa06-af7510d41c8c/mzaf_212429076883975403.plus.aac.p.m4a,opera aria
p0282.ogg,"Compagnia d'Opera Italiana, Antonello Gotta & Gabriela Cegolea",Norma: Casta Diva,"51 Most Loved Opera Arias, Vol. 1",https://audio-ssl.itunes.apple.com/itunes-assets/AudioPreview125/v4/f5/1b/46/f51b463f-3c58-1669-bd8f-7aff5d319171/mzaf_9306184184534235647.plus.aac.p.m4a,opera aria
p0283.ogg,"Concerto Köln, Emmanuelle Haïm & Philippe Jaroussky",L'Olimpiade - Aria: Lo seguitai felice,Caldara : Opera Arias,https://audio-ssl.itunes.apple.com/itunes-assets/AudioPreview125/v4/7d/44/d2/7d44d29d-e47e-1d08-8f7c-a7a453f9e43b/mzaf_17007926495123697022.plus.aac.p.m4a,opera aria
p0284.ogg,"Rory Marsden, Alexander Wilson & Alex Tschallener","The Magic Flute, K. 620, Act II: Der Hölle Rache",Opera Arias,https://audio-ssl.itunes.apple.com/itunes-assets/AudioPreview115/v4/8f/d0/cf/8fd0cfdf-cb3e-f0bf-55e6-1f27c936d34c/mzaf_13960221237575852917.plus.aac.p.m4a,opera aria
p0285.ogg,"Wolfgang Brendel, Munich Radio Orchestra & Heinz Wallberg",Il barbiere di Siviglia: Largo al factotum della città,Famous Opera Arias,https://audio-ssl.itunes.apple.com/itunes-assets/AudioPreview115/v4/66/e7/be/66e7be19-b702-9e44-c39e-6c271eb05eae/mzaf_10685950385140845119.plus.aac.p.m4a,opera aria
p0286.ogg,"Berlin Philharmonic, Chor des Deutschen Staatsoper, Eberhard Friedrich, Magdalena Kožená, Sir Simon Rattle, Vinzenz Weissenburger & Kinderchor der Deutschen Staatsoper Berlin","Carmen, Act 1: ""L'amour est un oiseau rebelle"" (Carmen, Cigarières, Jeunes gens, Dragons)",Bizet: Carmen,https://audio-ssl.itunes.apple.com/itunes-assets/AudioPreview221/v4/2b/33/89/2b3389d2-a38a-e088-22a5-77680308e3f8/mzaf_6895262176883914456.plus.aac.p.m4a,opera aria
p0287.ogg,"Dilber, Eri Klas & Estonia Opera Orchestra","Lakme: Lakme, Act II: Ou Va la Jeune Indoue, ""Bell Song""","Bellini, Verdi, Meyerbeer, Delibes, Donizetti, Strauss II & R. Strauss: Opera Arias (Coloratura)",https://audio-ssl.itunes.apple.com/itunes-assets/AudioPreview115/v4/c5/ae/02/c5ae02e6-0275-96c0-20ae-e87dba91d814/mzaf_17728413789624046497.plus.aac.p.m4a,opera aria
p0288.ogg,"Sherrill Milnes, Nicola Rescigno, Wandsworth School Boys' Choir, Michel Sénéchal, The London Opera Chorus & National Philharmonic Orchestra","Tosca: ""Tre sbirri. Una carozza. Presto"" - Te Deum",Puccini: Tosca,https://audio-ssl.itunes.apple.com/itunes-assets/AudioPreview115/v4/75/f2/46/75f246cd-b2bc-1867-75dd-a2e3771c1efe/mzaf_6417707479000748283.plus.aac.p.m4a,opera aria
p0289.ogg,"Choeurs de Radio France, Orchestre National de France, Lorin Maazel, Choeurs et Maîtrise de Radio France & Julia Migenes Johnson","Carmen, Act 1: Habanera - ""L'amour Est un Oiseau Rebelle"" [Carmen]",40 Most Beautiful Arias,https://audio-ssl.itunes.apple.com/itunes-assets/AudioPreview125/v4/c9/2e/a9/c92ea9fa-35a6-1e53-05dc-cdc6a40c18c8/mzaf_12108252257268553194.plus.aac.p.m4a,opera aria
p0290.ogg,"Bulgarian National Radio Symphony Orchestra, John Landor & Peter Becker","La Traviata: Act II - ""Di Provenza Il Mar""",66 Most Beautiful Opera Arias,https://audio-ssl.itunes.apple.com/itunes-assets/AudioPreview115/v4/d5/64/76/d5647679-6da9-cd26-6249-7569d3dc4438/mzaf_297344597646054553.plus.aac.p.m4a,opera aria
p0291.ogg,"Plácido Domingo, Sir Edward Downes & Royal Philharmonic Orchestra",Don Giovanni: Act II: Scene 2: Il mio tesoro,Opera Aria Highlights,https://audio-ssl.itunes.apple.com/itunes-assets/AudioPreview221/v4/40/1e/54/401e544e-562a-9f64-0742-98f2cc151e53/mzaf_10977730913331841831.plus.aac.p.m4a,opera aria
p0292.ogg,"Chor der Deutschen Oper Berlin, Nello Santi, Orchester der Deutschen Oper Berlin & Plácido Domingo","Turandot, Act 3: ""Nessun Dorma!"" [Calaf]",40 Most Beautiful Arias,https://audio-ssl.itunes.apple.com/itunes-assets/AudioPreview115/v4/82/0f/09/820f0973-f4b2-e75d-5101-228245bc468e/mzaf_16840990621198542903.plus.aac.p.m4a,opera aria
p0293.ogg,"Elīna Garanča, Orchestra Sinfonica Nazionale della RAI, Claudio Fenoglio, Coro Filarmonico del Regio di Torino & Karel Mark Chichon","Carmen, Act 1: ""L'amour est un oiseau rebelle"" (Havanaise)",Habanera,https://audio-ssl.itunes.apple.com/itunes-assets/AudioPreview115/v4/46/38/94/46389469-71b4-3b32-ede7-5bbaae218ee1/mzaf_2762436200420828755.plus.aac.p.m4a,opera aria
p0294.ogg,"Philippe Jaroussky, Artaserse & Emöke Baráth","Giulio Cesare in Egitto, HWV 17, Act 3: ""Da tempeste il legno infranto"" (Cleopatra)",Dualità - Handel Opera Arias,https://audio-ssl.itunes.apple.com/itunes-assets/AudioPreview126/v4/8b/aa/cf/8baacfc9-a963-0a21-4dd0-352d9850a11c/mzaf_7872848452979410365.plus.aac.p.m4a,opera aria
p0295.ogg,"Hei-Kyung Hong, Jennifer Larmore, Jesús López-Cobos & Munich Radio Orchestra","Lakmé, Act 1 Flower Duet: ""Dôme Épais le Jasmin"" [Lakmé, Mallika]",40 Most Beautiful Arias,https://audio-ssl.itunes.apple.com/itunes-assets/AudioPreview115/v4/4d/02/e5/4d02e5cb-ab3f-3fb3-36ee-5770bf0cdcc0/mzaf_2595219295825333862.plus.aac.p.m4a,opera aria
p0296.ogg,"Silvio Varviso, Sherrill Milnes & London Philharmonic Orchestra","Il barbiere di Siviglia, Act 1: Largo al factotum",50 Essential Opera Arias,https://audio-ssl.itunes.apple.com/itunes-assets/AudioPreview125/v4/93/40/4c/93404cc2-cdb3-d337-139e-66b0244a1a40/mzaf_16314421987869314724.plus.aac.p.m4a,opera aria
p0297.ogg,"Bulgarian National Radio Symphony Orchestra, John Landor & Mary Hughes","Faust: Act III - ""Faites-lui Mes Aveux"" (Flower Song)",66 Most Beautiful Opera Arias,https://audio-ssl.itunes.apple.com/itunes-assets/AudioPreview125/v4/bb/b5/b0/bbb5b0b9-46fa-5cca-4f81-b422ad44a36e/mzaf_4095735566821900533.plus.aac.p.m4a,opera aria
p0298.ogg,"James Levine, The Metropolitan Opera Orchestra, Luciano Pavarotti, Wendy White, Anthony Laciura & The Metropolitan Opera Chorus","La Traviata: ""Libiamo Ne'lieti Calici (Brindisi)",Verdi: la Traviata,https://audio-ssl.itunes.apple.com/itunes-assets/AudioPreview115/v4/66/6c/c8/666cc87b-7de4-d230-def7-b3c66ea8b002/mzaf_6311686059664401727.plus.aac.p.m4a,opera aria
p0299.ogg,"Renée Fleming, James Levine & The Metropolitan Opera Orchestra",The Rake's Progress: No. Word from Tom,Renée Fleming: I Want Magic! (American Opera Arias),https://audio-ssl.itunes.apple.com/itunes-assets/AudioPreview115/v4/dc/a1/17/dca11761-1957-5ab0-17f6-a9e243fe6fab/mzaf_6348819035945216171.plus.aac.p.m4a,opera aria
p0300.ogg,"Andrè Schuen, Berlin Philharmonic, Christian Van Horn, Christina Landshammer, Kostas Smoriginas, Magdalena Kožená, Rachel Frenkel & Sir Simon Rattle","Carmen, Act 2: ""Votre toast, je peux vouz le rendre""/ ""Toréador, en garde!"" (Escamillo, Carmen, Frasquita, Mercédès, Moralès, Zuniga)",Bizet: Carmen,https://audio-ssl.itunes.apple.com/itunes-assets/AudioPreview221/v4/de/04/b0/de04b063-5f21-35c8-af41-4dc2c8292d2e/mzaf_17358749835213305128.plus.aac.p.m4a,opera aria
p0301.ogg,"Wiener Opernorchester, Marilyn Horne & Henry Lewis","Carmen, Act 1: Habanera",50 Essential Opera Arias,https://audio-ssl.itunes.apple.com/itunes-assets/AudioPreview115/v4/97/15/dc/9715dc3b-2f61-abd4-f55f-08b354a14433/mzaf_18114343230968246759.plus.aac.p.m4a,opera aria
p0302.ogg,"Teodor Currentzis, Christian Van Horn & MusicAeterna","Le nozze di Figaro, K. 492, Act I: Non più andrai farfallone amoroso (No. 10, Aria: Figaro)","Mozart: Le nozze di Figaro, K. 492 (Deluxe Version)",https://audio-ssl.itunes.apple.com/itunes-assets/AudioPreview115/v4/fe/3e/f6/fe3ef6d3-4cfb-1279-aa02-cd8d2642573d/mzaf_11568659604544532122.plus.aac.p.m4a,opera aria
p0303.ogg,"Luciano Pavarotti, National Philharmonic Orchestra & Nicola Rescigno","Tosca, Act III: ""E lucevan le stelle"" (Remastered 2013)",Pavarotti The 50 Greatest Tracks,https://audio-ssl.itunes.apple.com/itunes-assets/AudioPreview125/v4/ab/9c/9b/ab9c9b98-bf03-6d15-ae12-edf762d6ff88/mzaf_351098208555337817.plus.aac.p.m4a,opera aria
p0304.ogg,"Hungarian State Opera House Orchestra, Charles Rosekrans & Maria Spacagna","Madama Butterfly: Act II - ""Un Bel Di Vedremo""",66 Most Beautiful Opera Arias,https://audio-ssl.itunes.apple.com/itunes-assets/AudioPreview115/v4/8e/f3/e0/8ef3e0e2-b7ad-71e8-8f0b-8a448b1b88af/mzaf_2566092818946285288.plus.aac.p.m4a,opera aria
p0305.ogg,"Luciano Pavarotti, Zubin Mehta, John Alldis Choir, Tom Krause, London Philharmonic Orchestra, Pier Francesco Poli & Oliviero de Fabritiis","Turandot / Act 3: ""Nessun dorma!""",Puccini: Turandot,https://audio-ssl.itunes.apple.com/itunes-assets/AudioPreview221/v4/ab/59/6a/ab596a39-d7c1-86f0-361a-28a01c0b72d9/mzaf_1606560760153045046.plus.aac.p.m4a,opera aria
p0306.ogg,"Carlo Rizzi, Vienna Philharmonic, Anna Netrebko & Rolando Villazón","La traviata, Act I: ""Follie! Delirio vano è questo!"" - ""Sempre libera""",Verdi: La Traviata,https://audio-ssl.itunes.apple.com/itunes-assets/AudioPreview115/v4/4e/5b/54/4e5b54cc-336a-616b-1b85-c0c2fd533202/mzaf_208606646264274261.plus.aac.p.m4a,opera aria
p0307.ogg,"Anna Netrebko, Vienna Philharmonic, Gianandrea Noseda, Chorus of the Vienna State Opera & Ernst Dunshirn","Manon, Act III: ""Suis-je gentille ainsi?"" - ""Obéissons, quand leur voix appelle""",Opera Arias,https://audio-ssl.itunes.apple.com/itunes-assets/AudioPreview115/v4/c9/98/2d/c9982d1c-502c-bd8f-2aac-baa1fb572de1/mzaf_2838381142288573063.plus.aac.p.m4a,opera aria
p0308.ogg,"Bulgarian National Radio Symphony Orchestra, John Landor & Christine Moore","Tosca: Act II - ""Vissi D'arte""",66 Most Beautiful Opera Arias,https://audio-ssl.itunes.apple.com/itunes-assets/AudioPreview125/v4/6e/5b/d6/6e5bd6b2-c015-11d5-fe7a-9c0682aadbf7/mzaf_15978405777004458974.plus.aac.p.m4a,opera aria
p0309.ogg,"Czech Symphony Orchestra, Julian Bigg & Susan McCulloch","La Bohème: Act II - ""Quando M'en Vo"" (Musetta's Waltz Song)",66 Most Beautiful Opera Arias,https://audio-ssl.itunes.apple.com/itunes-assets/AudioPreview115/v4/7d/e4/73/7de4739a-357d-31df-ec9a-4bac98cbd3c0/mzaf_10443590179880436529.plus.aac.p.m4a,opera aria
p0310.ogg,"Italo Tajo, Nicola Rescigno, The London Opera Chorus & National Philharmonic Orchestra","Tosca: ""Sommo giubilo, Eccelenza!""",Puccini: Tosca,https://audio-ssl.itunes.apple.com/itunes-assets/AudioPreview115/v4/3c/ff/ee/3cffee31-804e-f3cd-0666-33dd508843a3/mzaf_9520479802033199979.plus.aac.p.m4a,opera aria
p0311.ogg,Capella Istropolitana,Mozart - the Magic Flute,The Most Famous Opera Arias Vol. 1,https://audio-ssl.itunes.apple.com/itunes-assets/AudioPreview125/v4/d1/9e/25/d19e25d5-20b8-5d76-1577-2617e842c760/mzaf_3940521211058456887.plus.aac.p.m4a,opera aria
p0312.ogg,"Marie-Nicole Lemieux, Les Violons du Roy & Bernard Labadie","Le nozze de Figaro, K. 492: Voi, che sapete che cosa e amor","Gluck, Haydn, Mozart: Opera Arias (Gluck, Haydn, Mozart)",https://audio-ssl.itunes.apple.com/itunes-assets/AudioPreview115/v4/1e/8c/b1/1e8cb123-33c1-5b69-3c08-20c7fb10e0e0/mzaf_11444560847102021074.plus.aac.p.m4a,opera aria
p0313.ogg,"Berlin Philharmonic, Daniel Barenboim & Cecilia Bartoli","Le nozze di Figaro, Act 2: ""Voi, Che Sapete Che Cosa è Amor"" [Cherubino]",40 Most Beautiful Arias,https://audio-ssl.itunes.apple.com/itunes-assets/AudioPreview125/v4/ed/05/9a/ed059a17-cb42-46d9-60b3-9a1cc3c57a37/mzaf_8671358273552234641.plus.aac.p.m4a,opera aria
p0314.ogg,Tbilisi Symphony Orchestra & Djansug Kakhidze,Gianni Schicchi Aria: Lauretta (O mio babbino caro. .),Eteri Lamoris Opera Arias,https://audio-ssl.itunes.apple.com/itunes-assets/AudioPreview115/v4/80/73/48/80734885-edfc-5176-4dd9-fd925d287349/mzaf_9239203524445940321.plus.aac.p.m4a,opera aria
p0315.ogg,"Plácido Domingo, Zubin Mehta, Orchestra of the Rome Opera House & Orchestra del Maggio Musicale Fiorentino",Tosca: E lucevan le stelle,The Three Tenors in Concert,https://audio-ssl.itunes.apple.com/itunes-assets/AudioPreview221/v4/74/46/ff/7446fff6-5556-c612-055c-dc1ff884b615/mzaf_13103186929234156393.plus.aac.p.m4a,opera aria
p0316.ogg,"José Carreras, Zubin Mehta, Orchestra of the Rome Opera House, Plácido Domingo, Orchestra del Maggio Musicale Fiorentino & Luciano Pavarotti",Encore: Nessun dorma,The Three Tenors in Concert,https://audio-ssl.itunes.apple.com/itunes-assets/AudioPreview221/v4/e3/2a/30/e32a30b8-7f7a-40d3-0dd0-967cdcb9b2c3/mzaf_15375560676252549845.plus.aac.p.m4a,opera aria
p0317.ogg,"Maria Callas, Teatro Alla Scala Orchestra & Victor de Sabata","Tosca, Act II: Vissi d'arte (Tosca)",Pure Maria Callas,https://audio-ssl.itunes.apple.com/itunes-assets/AudioPreview211/v4/7d/af/69/7daf6967-7a26-37da-206c-f76170a36bd1/mzaf_16079356551742174502.plus.aac.p.m4a,opera aria
p0318.ogg,Andrea Bocelli,Vivo Per Lei (feat. Giorgia),The Best of Andrea Bocelli: Vivere,https://audio-ssl.itunes.apple.com/itunes-assets/AudioPreview221/v4/8e/9e/9d/8e9e9d86-51dd-10c2-7a8d-8997fe626bb6/mzaf_14159137208938150472.plus.aac.p.m4a,opera aria
p0319.ogg,Matia Bazar,Aria,The Platinum Collection,https://audio-ssl.itunes.apple.com/itunes-assets/AudioPreview115/v4/14/8d/2b/148d2bda-fd19-718d-4eab-2e93379b3f43/mzaf_11779778741203442525.plus.aac.p.m4a,opera aria
p0320.ogg,"Emöke Baráth, Artaserse & Philippe Jaroussky","Giulio Cesare in Egitto, HWV 17, Act 2: ""Se pietà di me non senti, giusto ciel"" (Cleopatra)",Dualità - Handel Opera Arias,https://audio-ssl.itunes.apple.com/itunes-assets/AudioPreview116/v4/ac/91/d9/ac91d976-5e77-4186-dc12-5472089a4263/mzaf_8809652863411096418.plus.aac.p.m4a,opera aria
p0321.ogg,"Jennifer Larmore, Jesús López-Cobos & Orchestre de Chambre de Lausanne","Serse, Act 1: ""Ombra Mai Fu"" [Serse]",40 Most Beautiful Arias,https://audio-ssl.itunes.apple.com/itunes-assets/AudioPreview115/v4/da/c5/a5/dac5a504-85c3-0a78-f3c1-7cecea3a9426/mzaf_14973056253436699810.plus.aac.p.m4a,opera aria
p0322.ogg,"Teodor Currentzis, Mary-Ellen Nesi & MusicAeterna","Le nozze di Figaro, K. 492, Act II: Voi che sapete che cosa è amor (No. 12, Arietta: Cherubino)","Mozart: Le nozze di Figaro, K. 492 (Deluxe Version)",https://audio-ssl.itunes.apple.com/itunes-assets/AudioPreview115/v4/24/cc/e2/24cce2f5-c874-4981-6068-b0e538e6a1bb/mzaf_12404294518128499912.plus.aac.p.m4a,opera aria
p0323.ogg,"Coro Cetra, Gabriele Santini, Maria Callas & Orchestra Sinfonica della RAI","La traviata, Act I: Sempre libera (Violetta, Alfredo)",Pure Maria Callas,https://audio-ssl.itunes.apple.com/itunes-assets/AudioPreview211/v4/70/f4/83/70f4835d-be64-0c80-cea2-6a1053ef0dac/mzaf_17670648420364202423.plus.aac.p.m4a,opera aria
p0324.ogg,"Berlin Philharmonic, Kostas Smoriginas & Sir Simon Rattle","Carmen, Act 2: ""Toréador, en garde"" (Amis d'Escamillo)",Bizet: Carmen,https://audio-ssl.itunes.apple.com/itunes-assets/AudioPreview221/v4/af/c8/40/afc8406f-6bef-6fa9-2e33-70f90a72a2bd/mzaf_17360921270581104087.plus.aac.p.m4a,opera aria
p0325.ogg,"Dame Joan Sutherland, Richard Bonynge, National Philharmonic Orchestra & Luciano Pavarotti","La traviata, Act I: Follie! Delirio vano è questo! - Sempre libera",Verdi: La Traviata,https://audio-ssl.itunes.apple.com/itunes-assets/AudioPreview221/v4/56/99/a7/5699a783-b83d-9568-a666-2929287b92dd/mzaf_15712071672849370160.plus.aac.p.m4a,opera aria
p0326.ogg,"Luciano Pavarotti, Berlin Philharmonic & Herbert von Karajan","La Bohème, Act I: ""Che gelida manina"" (Remastered 2013)",Pavarotti The 50 Greatest Tracks,https://audio-ssl.itunes.apple.com/itunes-assets/AudioPreview211/v4/2f/39/f3/2f39f3e0-26d5-818b-11a7-6701b1739b6e/mzaf_15653553374456159278.plus.aac.p.m4a,opera aria
p0327.ogg,"Franco Fagioli, Il Pomo d'Oro & Zefira Valova","Serse, HWV 40: Ombra mai fù",Handel Arias,https://audio-ssl.itunes.apple.com/itunes-assets/AudioPreview125/v4/60/64/50/606450cd-2d51-8d19-d5b4-51f15589f81d/mzaf_3722822538105256389.plus.aac.p.m4a,opera aria
p0328.ogg,"Marilyn Horne, Wiener Opernchor, Wiener Opernorchester & Henry Lewis","Carmen, WD 31: L'amour est un oiseau rebelle (""Havanaise"")",Opera Gold - 100 Great Tracks,https://audio-ssl.itunes.apple.com/itunes-assets/AudioPreview125/v4/bc/e6/2e/bce62e01-02ea-5a7e-ab76-b8d10c657d62/mzaf_18052111563053455209.plus.aac.p.m4a,opera aria
p0329.ogg,"Teodor Currentzis, MusicAeterna, Dimitris Tiliakos & Christina Gansch","Don Giovanni, K. 527, Act I: Là ci darem la mano (No. 7, Duettino: Don Giovanni, Zerlina)","Mozart: Don Giovanni, K. 527",https://audio-ssl.itunes.apple.com/itunes-assets/AudioPreview125/v4/54/ad/2c/54ad2c98-a7d3-cc72-d410-b4c814df4412/mzaf_1157578705946129950.plus.aac.p.m4a,opera aria
p0330.ogg,"Berlin Philharmonic, Daniel Barenboim & Lella Cuberli","Le nozze di Figaro, Act 2: ""Porgi Amor Qualche Ristoro"" [La Contessa]",40 Most Beautiful Arias,https://audio-ssl.itunes.apple.com/itunes-assets/AudioPreview115/v4/7f/ea/3f/7fea3fc7-b309-587d-27ee-18d40396370e/mzaf_13918512560076881322.plus.aac.p.m4a,opera aria
p0331.ogg,"Andrè Schuen, Berlin Philharmonic, Chor des Deutschen Staatsoper & Sir Simon Rattle","Carmen, Act 1: ""Sur la place, chacun passe, chacun vient, chacun va"" (Moralès, Dragons)",Bizet: Carmen,https://audio-ssl.itunes.apple.com/itunes-assets/AudioPreview221/v4/a2/1a/cb/a21acb7c-ba48-68b4-1136-83ae71fecd7b/mzaf_4730919579891538155.plus.aac.p.m4a,opera aria
p0332.ogg,"Alexander Rahbari, Slovak Philharmonic Chorus, Slovak Radio Symphony Orchestra & Graciela Alperyn","Carmen, Act I: L'amour est un oiseau rebelle ""Habanera""",Opera - 50 of the Best,https://audio-ssl.itunes.apple.com/itunes-assets/AudioPreview125/v4/ce/aa/91/ceaa9156-ceac-6b30-74fa-8b349cee6351/mzaf_6204656700114691776.plus.aac.p.m4a,opera aria
p0333.ogg,"Scottish Chamber Orchestra, Sir Charles Mackerras & Nuccia Focile","Don Giovanni, K. 527, Act II: Aria. Vedrai, carino","Mozart: Don Giovanni, K. 527",https://audio-ssl.itunes.apple.com/itunes-assets/AudioPreview112/v4/45/e5/31/45e531c3-b50a-940b-580c-23c58ea9f872/mzaf_10755015274847070632.plus.aac.p.m4a,opera aria
p0334.ogg,"Gabriele Santini, Maria Callas & Orchestra Sinfonica della RAI","La traviata, Act I: Ah fors'e lui (Violetta)",Pure Maria Callas,https://audio-ssl.itunes.apple.com/itunes-assets/AudioPreview221/v4/b2/97/80/b2978074-dda3-5cd6-66a0-2e9b49ed69d7/mzaf_8547050661405354519.plus.aac.p.m4a,opera aria
p0335.ogg,Concerto Köln & René Jacobs,Le nozze di Figaro: Sinfonia,Mozart: Le nozze di Figaro,https://audio-ssl.itunes.apple.com/itunes-assets/AudioPreview115/v4/a7/29/08/a729080e-3d83-d5ce-0ab7-8befb4f8a421/mzaf_3756248035843815286.plus.aac.p.m4a,opera aria
p0336.ogg,"Luciano Pavarotti, The John Alldis Choir, Wandsworth School Boys' Choir, London Philharmonic Orchestra & Zubin Mehta","Turandot: ""Nessun dorma!""",Pavarotti - The Greatest Hits,https://audio-ssl.itunes.apple.com/itunes-assets/AudioPreview211/v4/96/5e/57/965e5770-096f-40e1-8e6b-031ff6282411/mzaf_14909886036648125526.plus.aac.p.m4a,opera aria
p0337.ogg,"Renata Scotto, James Levine & National Philharmonic Orchestra",Casta Diva from Norma,Great Opera Arias by Donizetti; Bellini; Mozart; Verdi & Puccini,https://audio-ssl.itunes.apple.com/itunes-assets/AudioPreview115/v4/92/36/32/923632d0-2404-62cc-0f42-845367fd3cb4/mzaf_10961531881821940637.plus.aac.p.m4a,opera aria
p0338.ogg,"Orchestre du Theatre National de l'opera-comique, Danielle Millet, Mady Mesple & Alain Lombard",Lakmé (Act I): Flower Duet,The Classic Experience - 135 of the Greatest Classical Tracks,https://audio-ssl.itunes.apple.com/itunes-assets/AudioPreview125/v4/45/53/b3/4553b349-2c57-388b-d3f0-f12df9735559/mzaf_30853493711149163.plus.aac.p.m4a,opera aria
p0339.ogg,"Orchestra Sinfonica di Torino della RAI Italiana, Gabriele Santini, Maria Callas & Francesco Albanese","La traviata, Act I: ""Un dì, felice, eterea""","100 Essential Opera Arias, Songs & Overtures",https://audio-ssl.itunes.apple.com/itunes-assets/AudioPreview125/v4/2c/98/a5/2c98a545-0e54-54ed-c4f4-a70d78fa5fa5/mzaf_865607313094737007.plus.aac.p.m4a,opera aria
p0340.ogg,"Renée Fleming, Sir Charles Mackerras & Orchestra of St. Luke's","Die Entführung Aus Dem Serail, K. 384: ""Ach Ich Liebte, War So Glücklich""",Renée Fleming: Mozart Arias,https://audio-ssl.itunes.apple.com/itunes-assets/AudioPreview115/v4/b2/e9/9e/b2e99e0f-5ba0-a6b8-019e-6cfa6c01f7d5/mzaf_11840493199177030024.plus.aac.p.m4a,opera aria
p0341.ogg,"Cecilia Bartoli, Bryn Terfel, Orchestra dell'Accademia Nazionale di Santa Cecilia & Myung-Whun Chung","Don Giovanni, K. 527: Là ci darem la mano",Cecilia & Bryn: Duets,https://audio-ssl.itunes.apple.com/itunes-assets/AudioPreview211/v4/89/4d/53/894d53d0-7f7e-b4d4-1240-7bc5b55219bd/mzaf_1659150762888057428.plus.aac.p.m4a,opera aria
p0342.ogg,"Anna Netrebko, Elīna Garanča, PKF - Prague Philharmonia, Emmanuel Villaume & Prague Philharmonic Choir",Les contes d'Hoffmann: Barcarolle,Souvenirs,https://audio-ssl.itunes.apple.com/itunes-assets/AudioPreview115/v4/7e/f8/d5/7ef8d54a-54d8-0978-4325-b27a28c3a704/mzaf_17555369935550397017.plus.aac.p.m4a,opera aria
p0343.ogg,"Luciano Pavarotti, Zubin Mehta, Orchestra of the Rome Opera House & Orchestra del Maggio Musicale Fiorentino",Turandot: Nessum dorma!,The Three Tenors in Concert,https://audio-ssl.itunes.apple.com/itunes-assets/AudioPreview211/v4/15/8a/b8/158ab892-07c1-93ef-01b1-417ed4601ecd/mzaf_11674338827582679837.plus.aac.p.m4a,opera aria
p0344.ogg,"RIAS Symphony Orchestra, Ferenc Fricsay, Rita Streich, Josef Greindl, Dietrich Fischer-Dieskau & Berliner Motettenchor",The Magic Flute : Act II,Mozart: the Magic Flute,https://audio-ssl.itunes.apple.com/itunes-assets/Music5/v4/8f/37/c3/8f37c371-3d08-d696-d973-c700c91b1b4f/mzaf_3148393570357553801.plus.aac.p.m4a,opera aria
p0345.ogg,"Anne Sofie von Otter, Jerry Hadley, Kent Nagano & Orchestre de l'Opéra de Lyon","Werther, Act 3: ""Pourquoi Me Réveiller"" [Werther, Charlotte]",40 Most Beautiful Arias,https://audio-ssl.itunes.apple.com/itunes-assets/AudioPreview125/v4/a8/41/e8/a841e899-14ec-c01d-32cf-2df2f62fa83d/mzaf_17498991432916655037.plus.aac.p.m4a,opera aria
p0346.ogg,"Cyndia Sieden, English Baroque Soloists & John Eliot Gardiner","Die Zauberflöte, K. 620, Act 2: Der Hölle Rache kocht in meinem Herzen (Königin der Nacht)",Mozart: Opera Arias,https://audio-ssl.itunes.apple.com/itunes-assets/AudioPreview115/v4/c4/e7/d2/c4e7d26b-f9f9-7462-2c2a-8eb87b319a65/mzaf_9155155059340354895.plus.aac.p.m4a,opera aria
p0347.ogg,"Philharmonia Orchestra, Alceo Galliera & Tito Gobbi","The Barber of Seville, Act I Scene 1: ""Largo al factotum""","100 Essential Opera Arias, Songs & Overtures",https://audio-ssl.itunes.apple.com/itunes-assets/AudioPreview125/v4/27/2d/95/272d9515-8de1-5e82-9171-f3d67c8c86bc/mzaf_17115059668457958318.plus.aac.p.m4a,opera aria
p0348.ogg,"Berlin RIAS Symphony Orchestra, Ferenc Fricsay & Rita Streich","The Magic Flute, K. 620, Act II Scene 3: ""Der Hölle Rache kocht in meinem Herzen""","100 Essential Opera Arias, Songs & Overtures",https://audio-ssl.itunes.apple.com/itunes-assets/AudioPreview125/v4/76/be/a0/76bea057-127f-75ce-8493-42d2cf6579ba/mzaf_13829350361693194599.plus.aac.p.m4a,opera aria
p0349.ogg,"Berlin Philharmonic, Sir Simon Rattle, Chor des Deutschen Staatsoper Berlin & Kinderchor der Deutschen Staatsoper Berlin","Carmen, Act 1:""Avec la garde montante, nous arrivons, nous voilà!"" (Enfants)",Bizet: Carmen,https://audio-ssl.itunes.apple.com/itunes-assets/AudioPreview221/v4/ee/fb/fb/eefbfb52-390d-bd98-72d1-2ec0f701e28a/mzaf_14554538226613517277.plus.aac.p.m4a,opera aria
p0350.ogg,"Georges Prêtre, Orchestre National de France & Maria Callas",Carmen: L'amour est un oiseau rebelle (Habanera),"Callas à Paris: Arias, Vol. 1",https://audio-ssl.itunes.apple.com/itunes-assets/AudioPreview125/v4/50/1f/81/501f8105-65d0-6950-79d1-1ab902eb4f56/mzaf_16178725665884593753.plus.aac.p.m4a,opera aria
p0351.ogg,"Juan Diego Flórez, Orchestra La Scintilla & Riccardo Minasi","Concert Aria, K. 431 (425B) ""Misero! O sogno... Aura che intorno spiri""",Mozart,https://audio-ssl.itunes.apple.com/itunes-assets/AudioPreview125/v4/02/13/7d/02137dfb-ca4e-5e8e-9cbd-3363de1e8876/mzaf_2474667038773825435.plus.aac.p.m4a,opera aria
p0352.ogg,"Kurt Moll, Munich Radio Orchestra & Kurt Peter Eichhorn","Die Entführung aus dem Serail, K. 384: O, wie will ich triumphieren",Famous Opera Arias,https://audio-ssl.itunes.apple.com/itunes-assets/AudioPreview115/v4/c6/60/92/c66092dd-548f-fd9c-6ada-00f523e4a68c/mzaf_6427098945195544064.plus.aac.p.m4a,opera aria
p0353.ogg,"Luciano Pavarotti, Wiener Volksoper Orchester & Leone Magiera","Aida, Act I: ""Celeste Aida"" (Remastered 2013)",Pavarotti The 50 Greatest Tracks,https://audio-ssl.itunes.apple.com/itunes-assets/AudioPreview125/v4/fe/ea/ad/feeaad7a-3b8b-9bab-ff3e-5585ca2117f2/mzaf_5459632594449019420.plus.aac.p.m4a,opera aria
p0354.ogg,Marc Minkowski & Les Musiciens du Louvre,Les Indes Galantes: Danse des sauvages,Rameau: Une Symphonie Imaginaire,https://audio-ssl.itunes.apple.com/itunes-assets/AudioPreview125/v4/51/79/14/517914b6-4142-3bd2-d632-04c8fa75cf99/mzaf_16819475790173440566.plus.aac.p.m4a,opera aria
p0355.ogg,Luciano Pavarotti,Nessum Dorma,Opera Vol.3,https://audio-ssl.itunes.apple.com/itunes-assets/AudioPreview115/v4/e6/fa/0e/e6fa0e5a-501f-b799-4de2-f270b71f7a9d/mzaf_12240816739927770001.plus.aac.p.m4a,opera aria
p0356.ogg,"Andrè Schuen, Berlin Philharmonic, Chor des Deutschen Staatsoper, Genia Kühmeier & Sir Simon Rattle","Carmen, Act 1: ""Regardez donc cette petite qui semble vouloir nous parler"" (Moralès, Micaëla, Dragons)",Bizet: Carmen,https://audio-ssl.itunes.apple.com/itunes-assets/AudioPreview221/v4/9b/d5/71/9bd5710d-f1a0-aa77-af7b-5a27b55e6597/mzaf_7129944193734190457.plus.aac.p.m4a,opera aria
p0357.ogg,"Antonino Votto, Maria Callas & Teatro Alla Scala Orchestra","La bohème, Act III: Donde lieta uscì al tuo grido d'amore (Mimì)",Pure Maria Callas,https://audio-ssl.itunes.apple.com/itunes-assets/AudioPreview221/v4/b7/57/3b/b7573b25-dddd-d53d-cca6-2ce25ee369d7/mzaf_6703034018545057460.plus.aac.p.m4a,opera aria
p0358.ogg,"Berlin Deutsche Oper Orchestra, Nello Santi & Plácido Domingo","Aïda, Act 1: ""Celeste Aïda"" [Radamès]",40 Most Beautiful Arias,https://audio-ssl.itunes.apple.com/itunes-assets/AudioPreview125/v4/fb/5c/aa/fb5caa52-4bdc-25de-5e7a-693861175d69/mzaf_6744442021614348219.plus.aac.p.m4a,opera aria
p0359.ogg,"London Philharmonic Orchestra, David Parry, London Philharmonic Choir & The London Chorus",Carmina Burana: O Fortuna,The 50 Greatest Pieces of Classical Music,https://audio-ssl.itunes.apple.com/itunes-assets/AudioPreview211/v4/97/d2/04/97d20413-61bc-911b-e940-df466c5155ce/mzaf_11404674499303679191.plus.aac.p.m4a,opera aria
p0360.ogg,National Philharmonic Orchestra & Richard Bonynge,"La traviata, Act I: Prelude",Verdi: La Traviata,https://audio-ssl.itunes.apple.com/itunes-assets/AudioPreview221/v4/08/f2/dc/08f2dc14-e60b-8603-5ecc-90743135abab/mzaf_5791498882577851166.plus.aac.p.m4a,opera aria
p0361.ogg,Enrico Caruso,Tosca: Recondita armonia,Great Opera Arias,https://audio-ssl.itunes.apple.com/itunes-assets/AudioPreview125/v4/d6/0a/01/d60a0174-eccd-2fc4-9a13-db3c81103b5d/mzaf_16752619386640185326.plus.aac.p.m4a,opera aria
p0362.ogg,"Jonas Kaufmann, Orchestra dell'Accademia Nazionale di Santa Cecilia, Coro Dell'Accademia Nazionale Di Santa Cecilia & Antonio Pappano","Turandot: ""Nessun dorma""",Nessun Dorma - The Puccini Album,https://audio-ssl.itunes.apple.com/itunes-assets/AudioPreview125/v4/57/36/03/57360372-3566-57e4-0492-4096f315e60d/mzaf_395860184932626617.plus.aac.p.m4a,opera aria
p0363.ogg,"Georges Prêtre, Orchestre de la Société des Concerts du Conservatoire & Maria Callas",Tosca: Vissi d'arte,The Very Best of Maria Callas,https://audio-ssl.itunes.apple.com/itunes-assets/AudioPreview125/v4/87/a2/49/87a24943-1ab6-8e8e-e524-d5cb89783b78/mzaf_12404141306837498582.plus.aac.p.m4a,opera aria
p0364.ogg,"Dame Joan Sutherland, Richard Bonynge, National Philharmonic Orchestra, Della Jones, Sir John Tomlinson, Alexander Oliver, Luciano Pavarotti, Jonathan Summers & The London Opera Chorus","La traviata, Act I: Dell'invito trascorsa è già l'ora",Verdi: La Traviata,https://audio-ssl.itunes.apple.com/itunes-assets/AudioPreview221/v4/2f/54/74/2f5474af-8550-c36c-ad2c-ebc1f8128100/mzaf_13324141667995781362.plus.aac.p.m4a,opera aria
p0365.ogg,"Natalie Dessay, Delphine Haidan, Orchestre National du Capitole de Toulouse & Michel Plasson","Lakmé, Act I: Dôme épais le jasmin à la rose s'assemble (Lakmé, Mallika)",Delibes: Lakmé (Highlights),https://audio-ssl.itunes.apple.com/itunes-assets/AudioPreview125/v4/49/e2/cc/49e2ccd4-80ec-cc8c-7a8d-f853b70924b8/mzaf_14572128854402809576.plus.aac.p.m4a,opera aria
p0366.ogg,"Plácido Domingo, Leonard Bernstein & Vienna Philharmonic",Der Rosenkavalier: Di rigori armato il seno,"Ténors - Pavarotti, Domingo, Carreras",https://audio-ssl.itunes.apple.com/itunes-assets/AudioPreview221/v4/6b/70/82/6b7082ec-a467-0a5c-316b-3da7b4d0aaf3/mzaf_5614101896289210049.plus.aac.p.m4a,opera aria
p0367.ogg,"Kent Nagano, Dame Kiri Te Kanawa & Orchestre de l'Opéra de Lyon","Tosca, Act 2: ""Vissi d'arte"" [Tosca]",40 Most Beautiful Arias,https://audio-ssl.itunes.apple.com/itunes-assets/AudioPreview115/v4/42/55/36/425536ff-d726-7641-be20-14e6b62c8a7d/mzaf_6585051767481331760.plus.aac.p.m4a,opera aria
p0368.ogg,"Orchestra of the Rome Opera House, Erich Leinsdorf, Jussi Björling & Coro del Teatro dell'Opera di Roma","Turandot, Act III: ""Nessun dorma""","100 Essential Opera Arias, Songs & Overtures",https://audio-ssl.itunes.apple.com/itunes-assets/AudioPreview115/v4/37/b4/38/37b438af-71b3-03c4-243b-fb629a6d75c6/mzaf_1728334272345700521.plus.aac.p.m4a,opera aria
p0369.ogg,"Luciano Pavarotti, Herbert von Karajan & Berlin Philharmonic","La bohème: ""Che gelida manina""",The World's Best Loved Tenor Arias,https://audio-ssl.itunes.apple.com/itunes-assets/AudioPreview126/v4/a5/b0/a2/a5b0a24f-0be9-b712-ab11-5fa095777fe1/mzaf_14060553929072028054.plus.aac.p.m4a,opera aria
p0370.ogg,"Coro Dell'Accademia Nazionale Di Santa Cecilia, Antonio Pappano, Orchestra dell'Accademia Nazionale di Santa Cecilia & Jonas Kaufmann","Turandot, Act 3: ""Nessun dorma!"" (Calaf, Coro)",Puccini: Turandot,https://audio-ssl.itunes.apple.com/itunes-assets/AudioPreview221/v4/5c/47/ec/5c47ec93-3aff-72f4-cea7-6eec7e8c2fd4/mzaf_13235509682527507109.plus.aac.p.m4a,opera aria
p0371.ogg,"Ambrosian Opera Chorus, Margreta Elkins, Monica Sinclair, Richard Bonynge, London Symphony Orchestra & Robert Massard","Faust, Act 4: Soldiers' Chorus",50 Essential Opera Arias,https://audio-ssl.itunes.apple.com/itunes-assets/AudioPreview115/v4/7a/87/83/7a8783c5-873d-ed58-0e30-bf6fa590f59f/mzaf_9179562994902656302.plus.aac.p.m4a,opera aria
p0372.ogg,Sir Colin Davis & Sadler's Wells Opera Orchestra,"Carmen, WD 31: Prelude","Bizet: Carmen, WD 31 (Highlights in English)",https://audio-ssl.itunes.apple.com/itunes-assets/AudioPreview211/v4/ce/9e/9a/ce9e9a90-7c6a-5410-cdea-1ccdf8d42277/mzaf_14307958797758720374.plus.aac.p.m4a,opera aria
p0373.ogg,Ballaké Sissoko & Vincent Segal,Chamber Music,Chamber Music,https://audio-ssl.itunes.apple.com/itunes-assets/AudioPreview125/v4/91/c3/da/91c3dafa-45a7-4e73-dc00-6b75421b885c/mzaf_2961466522439765783.plus.aac.p.m4a,chamber music
p0374.ogg,M. Ward,Chamber Music,Migration Stories,https://audio-ssl.itunes.apple.com/itunes-assets/AudioPreview125/v4/0f/fa/4f/0ffa4f5d-d799-10c5-62ba-97ea6d5cf66a/mzaf_13615495987011627034.plus.aac.p.m4a,chamber music
p0375.ogg,Derek Gripper,Chamber Music,One Night on Earth: Music from the Strings of Mali,https://audio-ssl.itunes.apple.com/itunes-assets/AudioPreview211/v4/a5/ed/95/a5ed95f6-93d3-52ba-b95f-8f0ddf1ba85d/mzaf_5631889734171768361.plus.aac.p.m4a,chamber music
p0376.ogg,Ital Tek,Chamber Music,Outland,https://audio-ssl.itunes.apple.com/itunes-assets/AudioPreview115/v4/34/29/17/342917eb-17f6-552c-71c4-f38748cedc84/mzaf_9245603777753993859.plus.aac.p.m4a,chamber music
p0377.ogg,Paolo Nutini,Chamber Music,Sunny Side Up,https://audio-ssl.itunes.apple.com/itunes-assets/Music/f2/6d/a9/mzm.btkxhhsz.aac.p.m4a,chamber music
p0378.ogg,Billy Hart Quartet,Chamber Music,Just,https://audio-ssl.itunes.apple.com/itunes-assets/AudioPreview211/v4/40/c0/49/40c04972-ae18-a452-9ad5-fe49de4ac775/mzaf_1942814127852435327.plus.aac.p.m4a,chamber music
p0379.ogg,Elena Urioste & Tom Poster,"Andante religioso in D Major, Op. 78",Thème varié,https://audio-ssl.itunes.apple.com/itunes-assets/AudioPreview211/v4/a2/ce/a8/a2cea8f4-adc6-4a04-a505-5cf2a5a86a8f/mzaf_9105281990145490733.plus.aac.p.m4a,chamber music
p0380.ogg,SPK,Chamber Music,Leichenschrei,https://audio-ssl.itunes.apple.com/itunes-assets/AudioPreview114/v4/78/b5/91/78b59172-608a-ed0f-39fb-a474a430cd79/mzaf_15132001312510231058.plus.aac.p.m4a,chamber music
p0381.ogg,Mario Costa,Chamber Music,Chromosome,https://audio-ssl.itunes.apple.com/itunes-assets/AudioPreview116/v4/c2/ec/45/c2ec4538-6765-2e79-2994-8659fd7c6a1d/mzaf_16249882348629655709.plus.aac.p.m4a,chamber music
p0382.ogg,William Sheller,Chamber Music,Piano en ville - EP,https://audio-ssl.itunes.apple.com/itunes-assets/AudioPreview115/v4/fa/cd/4e/facd4e24-05a7-b760-97fa-8b23284f1e1d/mzaf_17074550785740487135.plus.aac.p.m4a,chamber music
p0383.ogg,Kasia Kadłubowska & Dominik Bukowski,Gymnopédie No. 1 (Arr. for Marimba & Vibraphone),Transient,https://audio-ssl.itunes.apple.com/itunes-assets/AudioPreview115/v4/d3/8d/d9/d38dd9e7-1227-5d4f-fcb8-32d5244d6ebf/mzaf_2745849505325742671.plus.aac.p.m4a,chamber music
p0384.ogg,Coal Chamber,Shock the Monkey,Chamber Music,https://audio-ssl.itunes.apple.com/itunes-assets/AudioPreview125/v4/b9/41/e2/b941e293-1ab7-f1bf-270f-2ed2abf9adef/mzaf_9067609132252242455.plus.aac.p.m4a,chamber music
p0385.ogg,Ryan J Raffa & Sam Prekop,Chamber Music,Only Came To Say Goodbye,https://audio-ssl.itunes.apple.com/itunes-assets/AudioPreview211/v4/f7/ec/fe/f7ecfeb9-81de-730e-aebb-1d23b539469b/mzaf_5826257088979129376.plus.aac.p.m4a,chamber music
p0386.ogg,Marcel Moyse & Marlboro Festival Orchestra,"Serenade No. 10 in B-Flat Major, K. 361 ""Gran partita"": VII. Finale. Molto allegro (Live)","Mozart: Serenade, K. 361 and Sonata for Bassoon & Cello, K. 292",https://audio-ssl.itunes.apple.com/itunes-assets/AudioPreview125/v4/e9/68/87/e96887a6-a21f-afac-af1b-219b25bc4a10/mzaf_9295294280620240257.plus.aac.p.m4a,chamber music
p0387.ogg,Cuarteto Casals & Eckart Runge,"String Quintet No. 6 in E Major, Op. 11, No. 5: III. Minuetto - Trio",Boccherini: La musica notturna delle strade di Madrid,https://audio-ssl.itunes.apple.com/itunes-assets/AudioPreview115/v4/40/44/62/40446241-447a-a299-1654-0cbd298d2f6e/mzaf_1936652347467358268.plus.aac.p.m4a,chamber music
p0388.ogg,Relaxing Calm Music,Chamber Music,Yoga Music to Relax Your Mind: Meditation Concentration Yoga and Mind Flow,https://audio-ssl.itunes.apple.com/itunes-assets/Music1/v4/4e/f1/be/4ef1be76-2702-e7f4-138d-e157f7e72650/mzaf_4641340671021662617.plus.aac.p.m4a,chamber music
p0389.ogg,John Holiday & Kevin J. Miller,O Cool Is The Valley Now,Over My Head,https://audio-ssl.itunes.apple.com/itunes-assets/AudioPreview211/v4/e4/2b/a6/e42ba683-9cde-87ef-8e7c-b4e1462e675b/mzaf_15865715748943562992.plus.aac.p.m4a,chamber music
p0390.ogg,Steven Isserlis & Connie Shih,"5 Lieder und Gesänge, Op. 127: No. 1, Sängers Trost (Arr. Isserlis for Cello & Piano)",Schumann & Moscheles: 1851 Cello Sonatas,https://audio-ssl.itunes.apple.com/itunes-assets/AudioPreview211/v4/e3/57/16/e3571683-893d-b0cd-c630-966570b72a56/mzaf_17709930241207387534.plus.aac.p.m4a,chamber music
p0391.ogg,Ornella Vanoni,L'appuntamento,Appuntamento con Ornella Vanoni,https://audio-ssl.itunes.apple.com/itunes-assets/AudioPreview122/v4/f9/ca/27/f9ca2779-8261-2d53-a5a1-11ab76f12f45/mzaf_16320563863080169650.plus.aac.p.m4a,chamber music
p0392.ogg,Barbican Quartet,"String Quartet No. 21 in D Major, KV 575: II. Andante",Lux Intus,https://audio-ssl.itunes.apple.com/itunes-assets/AudioPreview211/v4/1e/2d/cc/1e2dcc56-214d-006e-db63-364a71897a16/mzaf_6427914410013536275.plus.aac.p.m4a,chamber music
p0393.ogg,Rafał Blechacz & Bomsori Kim,"Nocturne No. 20 in C-Sharp Minor, Op. posth. (Arr. for Violin and Piano by Milstein)","Fauré, Debussy, Szymanowski, Chopin",https://audio-ssl.itunes.apple.com/itunes-assets/AudioPreview125/v4/b6/22/e9/b622e927-071e-230f-1912-a2fecbd45de0/mzaf_10116909089121521042.plus.aac.p.m4a,chamber music
p0394.ogg,Yo-Yo Ma & Kathryn Stott,"Was it a Dream?, Op. 37 No. 4 (Arr. for Cello and Piano)",Songs from the Arc of Life,https://audio-ssl.itunes.apple.com/itunes-assets/AudioPreview211/v4/52/c5/1e/52c51e4d-f8f5-7c94-7b93-f373c0bc1581/mzaf_15366779893529629249.plus.aac.p.m4a,chamber music
p0395.ogg,Fine Arts Quartet & Francis Tursi,"String Quintet No. 2 in C Minor, K. 406: I. Allegro","Mozart: String Quintets Nos. 2, 4 & 6",https://audio-ssl.itunes.apple.com/itunes-assets/AudioPreview211/v4/08/ed/30/08ed30b0-0a6b-3a86-d1b8-de138ca0d81b/mzaf_6377526000867124638.plus.aac.p.m4a,chamber music
p0396.ogg,Kronos Quartet & Laurie Anderson,The Water Rises,Landfall,https://audio-ssl.itunes.apple.com/itunes-assets/AudioPreview125/v4/e6/dd/42/e6dd4232-daf5-6e65-6c3c-da19b8166a0c/mzaf_1962551039528947432.plus.aac.p.m4a,chamber music
p0397.ogg,Guarneri Quartet,"String Quartet No. 19 in C Major, K. 465 ""Dissonant"": IV. Allegro",Mozart: String Quartets & Quintets,https://audio-ssl.itunes.apple.com/itunes-assets/AudioPreview125/v4/9a/62/99/9a629928-08b6-7ae4-fea0-618407885a24/mzaf_3261215862076945052.plus.aac.p.m4a,chamber music
p0398.ogg,Hilary Hahn & Natalie Zhu,"Violin Sonata in E Minor, K. 304: II. Tempo di minuetto","Mozart: Violin Sonatas K. 301, 304, 376 & 526",https://audio-ssl.itunes.apple.com/itunes-assets/AudioPreview115/v4/64/fa/d9/64fad965-0fb4-79da-fc0c-2838c02883d7/mzaf_10346906606895202404.plus.aac.p.m4a,chamber music
p0399.ogg,"Daniel Barenboim, Kian Soltani & Michael Barenboim","Divertimento in B-Flat Major, K. 254: 1. Allegro assai",Complete Mozart Trios,https://audio-ssl.itunes.apple.com/itunes-assets/AudioPreview115/v4/05/fe/78/05fe7871-999d-36c6-ad27-8ffc79b6f239/mzaf_6183927863640832357.plus.aac.p.m4a,chamber music
p0400.ogg,Belcea Quartet & Till Fellner,"Piano Quintet in F Minor, Op. 34: II. Andante, un poco adagio",Brahms: String Quartets & Piano Quintet,https://audio-ssl.itunes.apple.com/itunes-assets/AudioPreview125/v4/65/12/35/6512350d-510d-f43c-f35f-d62d86ae6eef/mzaf_12931961513281203289.plus.aac.p.m4a,chamber music
p0401.ogg,Quatuor Ébène,"String Quartet No. 19 in C Major, Op. 10 No. 6, K. 465 ""Dissonance"": II. Andante cantabile","Mozart: String Quartets, K. 421, 465 ""Dissonances"" & Divertimento, K. 138",https://audio-ssl.itunes.apple.com/itunes-assets/AudioPreview221/v4/f3/4e/b0/f34eb090-351c-7f5b-fb4c-91da57c0f39a/mzaf_16963067930029985976.plus.aac.p.m4a,chamber music
p0402.ogg,Vanessa Wagner & Wilhem Latchoumia,"3 Gymnopédies: No. 1, Lent et douloureux (Transcr. for 2 Pianos by Vanessa Wagner and Wilhem Latchoumia)",Piano Twins,https://audio-ssl.itunes.apple.com/itunes-assets/AudioPreview221/v4/4e/48/5a/4e485aad-6dc8-2523-21a1-9e65b997ed32/mzaf_7220197595348706553.plus.aac.p.m4a,chamber music
p0403.ogg,Midori & Özgür Aydın,"3 Romances, Op. 22: I. Andante molto",Schumann: Violin Concerto & Works for Violin and Piano by Clara and Robert Schumann,https://audio-ssl.itunes.apple.com/itunes-assets/AudioPreview211/v4/d2/23/39/d22339fd-8962-6bbc-77f2-361e7a254e78/mzaf_9901594628745737642.plus.aac.p.m4a,chamber music
p0404.ogg,Timothy Ridout & Frank Dupree,"5 Songs, Op. 71: No. 5, Minnelied (Arr. for Viola and Piano by Lionel Tertis)",A Lionel Tertis Celebration,https://audio-ssl.itunes.apple.com/itunes-assets/AudioPreview221/v4/6e/90/42/6e904231-a69d-99d4-285c-7c9868c9f2eb/mzaf_7676804176507399751.plus.aac.p.m4a,chamber music
p0405.ogg,Andreas Ottensamer & José Gallardo,"3 Gymnopédies: No. 1, Lent et douloureux (Transcr. Ottensamer for Clarinet and Piano)",Romanza,https://audio-ssl.itunes.apple.com/itunes-assets/AudioPreview221/v4/af/a4/1c/afa41cfb-423d-e656-2391-ef9a8aa1cad3/mzaf_7426434196644367896.plus.aac.p.m4a,chamber music
p0406.ogg,The Schubert Ensemble,"Piano Quintet in A Major, D. 667 (""The Trout"") : V. Allegro giusto",Schubert: 'The Trout' Piano Quintet in A - Piano Trio No. 1 in B Flat,https://audio-ssl.itunes.apple.com/itunes-assets/AudioPreview115/v4/75/04/14/75041404-6b4b-f6b1-a8ad-06d27fea005a/mzaf_11440610750783095497.plus.aac.p.m4a,chamber music
p0407.ogg,Pablo Ferrández & Denis Kozhukhin,"12 Danzas españolas: No. 2, Oriental",Reflections,https://audio-ssl.itunes.apple.com/itunes-assets/AudioPreview211/v4/9b/7d/6b/9b7d6b7b-4e09-e641-8f1f-a08b4cee1a2e/mzaf_11153643908912372162.plus.aac.p.m4a,chamber music
p0408.ogg,"VOCES8, Apollo5, Teena Lyle & Paul Smith",4’33”,Renewal?,https://audio-ssl.itunes.apple.com/itunes-assets/AudioPreview126/v4/47/9b/b4/479bb4e7-d6b0-bdc2-1057-3217dcba7dcf/mzaf_12292957752971517588.plus.aac.p.m4a,chamber music
p0409.ogg,"Julien Libeer, Pierre Colombet & Eckart Runge","Piano Trio No. 3 in B-Flat Major, K. 502: II. Larghetto","Mozart 1 ∙ 2 ∙ 3 ∙ 4. Solo, Duo, Trio, Quartet",https://audio-ssl.itunes.apple.com/itunes-assets/AudioPreview221/v4/b6/12/11/b61211f7-a666-f629-b877-36476daa6d91/mzaf_18405397818457879287.plus.aac.p.m4a,chamber music
p0410.ogg,Patricia Kopatchinskaja & Camerata Bern,"5 Minuets and 6 Trios for String Quartet, D. 89: No. 3 (Arr. for String Ensemble by Patricia Kopatchinskaja)",Exile,https://audio-ssl.itunes.apple.com/itunes-assets/AudioPreview221/v4/8b/8a/8a/8b8a8a51-8c85-6a1c-1678-aa22e7771d81/mzaf_7114014501919145011.plus.aac.p.m4a,chamber music
p0411.ogg,Piatti Quartet & Zahra Benyounes,Phantasy Quintet: III. Alla Sarabanda,Phantasy,https://audio-ssl.itunes.apple.com/itunes-assets/AudioPreview221/v4/00/a7/33/00a733b2-f18d-190e-43d8-1ac38573c40a/mzaf_12596554689837683835.plus.aac.p.m4a,chamber music
p0412.ogg,Artemis Quartet,"String Quartet No. 7 in F Major, Op. 59 No. 1, ""Rasumovsky No. 1"": I. Allegro","Beethoven: String Quartets Nos 7, ""Rassumovsky No. 1"" & 11, ""Serioso""",https://audio-ssl.itunes.apple.com/itunes-assets/AudioPreview125/v4/84/82/2e/84822ed5-d892-3166-8142-985f3964fd86/mzaf_110114428042687026.plus.aac.p.m4a,chamber music
p0413.ogg,"Eldbjørg Hemsing, Norwegian String Quintet & Tim Allhoff","Bach Partita Variation (After Violin Partita No. 3 in E Major, BWV 100: I. Preludio) [Arr. for Violin, String Quintet & Piano by Tim Allhoff]",Colors of Bach,https://audio-ssl.itunes.apple.com/itunes-assets/AudioPreview211/v4/86/c4/14/86c41451-e52b-f14b-dcd6-1ad54365b1cc/mzaf_13886568507946381931.plus.aac.p.m4a,chamber music
p0414.ogg,"Mark Simpson, Angela Barnes, David Stark, Fraser Langton, Nicholas Daniel, Emma Feilding, Amy Harman, Dom Tyler, Oliver Pashley, Ausiàs Garrigós Morant & Ben Goldscheider","Serenade No. 10 in B-Flat Major, K. 361 ""Gran partita"": III. Adagio","Mark Simpson: Geysir - Mozart: Serenade No. 10 in B-Flat Major, K. 361 ""Gran partita""",https://audio-ssl.itunes.apple.com/itunes-assets/AudioPreview125/v4/bb/cf/fb/bbcffb4f-1f5e-34ed-34e6-8bc3860d4856/mzaf_1649045100124990178.plus.aac.p.m4a,chamber music
p0415.ogg,"Yo-Yo Ma, Emanuel Ax, Isaac Stern & Jaime Laredo","Piano Quartet No. 1 in G Minor, K. 478: II. Andante",Mozart: Piano Quartets,https://audio-ssl.itunes.apple.com/itunes-assets/AudioPreview116/v4/68/62/27/686227fd-9fbd-b2fe-2833-8591f99b4f88/mzaf_9142949819476671413.plus.aac.p.m4a,chamber music
p0416.ogg,Danish String Quartet,"Sønderho Bridal Trilogy, Pt. II",Wood Works,https://audio-ssl.itunes.apple.com/itunes-assets/AudioPreview115/v4/4d/71/14/4d7114b5-8137-bfef-e6ba-da2f6c128415/mzaf_5855236374014435023.plus.aac.p.m4a,chamber music
p0417.ogg,The Chamber Music Society of Lincoln Center,"Serenade No. 10 in B-Flat Major, K. 361 ""Gran Partita"": III. Adagio (Live)",Elegant Winds (Live),https://audio-ssl.itunes.apple.com/itunes-assets/AudioPreview211/v4/15/4c/08/154c0828-d162-8d18-a70b-d5aaa0da4a6d/mzaf_10027751493901178960.plus.aac.p.m4a,chamber music
p0418.ogg,Anthony Burr & Charles Curtis,August Moon (2015),Chamber Music: Alvin Lucier & Morton Feldman,https://audio-ssl.itunes.apple.com/itunes-assets/AudioPreview125/v4/50/b4/a9/50b4a964-206a-387f-b33b-5367f3260ff7/mzaf_9990331286569515290.plus.aac.p.m4a,chamber music
p0419.ogg,Konstantyn Napolov & Ralph van Raat,De Bock's Brushstrokes,Pictures at One's Exhibition,https://audio-ssl.itunes.apple.com/itunes-assets/AudioPreview221/v4/f1/0c/af/f10caf47-9847-f175-9d87-df22b15c59a4/mzaf_10177658970613060371.plus.aac.p.m4a,chamber music
p0420.ogg,Archi di Santa Cecilia & Luigi Piovano,"Divertimento in D Major, K. 136: I. Allegro",Mozart: Divertimenti & Eine kleine Nachtmusik,https://audio-ssl.itunes.apple.com/itunes-assets/AudioPreview115/v4/a5/28/59/a5285909-dc6f-e25b-b310-baf95d36b50e/mzaf_9822065568694973075.plus.aac.p.m4a,chamber music
p0421.ogg,Scottish Chamber Orchestra & Alexander Janiczek,"Divertimento in D Major, K. 334 (320b): IX. Menuetto - Trio",Mozart: Divertimento K. 334 & Oboe Quartet K. 370,https://audio-ssl.itunes.apple.com/itunes-assets/AudioPreview114/v4/8f/b8/6d/8fb86d59-7e2a-9429-c8bd-876ecf25d02e/mzaf_13745008863250227215.plus.aac.p.m4a,chamber music
p0422.ogg,"Kian Soltani, Pablo Ferrández & Julien Quentin","5 Pieces for 2 Violins & Piano: No. 1, Prelude (Arr. Atovmyan for 2 Cellos & Piano)",Paganini Variations - EP,https://audio-ssl.itunes.apple.com/itunes-assets/AudioPreview211/v4/ed/59/90/ed5990fb-3c6f-280d-3470-83dffeb3b048/mzaf_11695133104275528799.plus.aac.p.m4a,chamber music
p0423.ogg,Drottningholm Baroque Ensemble,"Serenade No. 13 in G Major, K. 525 ""Eine kleine Nachtmusik"": I. Allegro","Mozart: Eine Kleine Nachtmusik, K. 525 & Divertimentos, K. 136–138",https://audio-ssl.itunes.apple.com/itunes-assets/AudioPreview116/v4/97/1a/75/971a75cd-b366-f6fb-0409-e1ed4f71a8ed/mzaf_14341629815241766106.plus.aac.p.m4a,chamber music
p0424.ogg,Quatuor Ébène & Antoine Tamestit,"String Quintet No. 4 in G Minor, K. 516: III. Adagio ma non troppo","Mozart: String Quintets, K. 515 & 516",https://audio-ssl.itunes.apple.com/itunes-assets/AudioPreview221/v4/ff/24/be/ff24be0d-7af4-c418-df14-7c757def1bfd/mzaf_5066983478252505616.plus.aac.p.m4a,chamber music
p0425.ogg,Munich Chamber Orchestra & Enrico Onofri,"Serenade No. 13 in G Major, K. 525 ""Eine kleine Nachtmusik"": II. Romance. Andante",Mozart: Serenata (Eine kleine Nachtmusik - Posthorn - Haffner),https://audio-ssl.itunes.apple.com/itunes-assets/AudioPreview211/v4/da/82/c6/da82c60c-5631-a8a2-b32d-44c15cbdc5f9/mzaf_18165721240512632569.plus.aac.p.m4a,chamber music
p0426.ogg,Alexander Melnikov & Jerusalem Quartet,"Piano Quintet in E-Flat Major, Op. 44: I. Allegro brillante","Schumann: Piano Quintet, Op. 44 & Piano Quartet, Op. 47",https://audio-ssl.itunes.apple.com/itunes-assets/AudioPreview115/v4/e5/09/14/e5091428-006c-56a0-4d10-c2527b4f68e6/mzaf_11430895323795581107.plus.aac.p.m4a,chamber music
p0427.ogg,Amadeus Quartet,"String Quartet No. 14 in D Minor, D. 810 ""Death and the Maiden"": II. Andante con moto","Schubert: Piano Quintet in A Major, D. 667 ""The Trout"" & String Quartet No. 14 in D Minor, D. 810 ""Death and the Maiden""",https://audio-ssl.itunes.apple.com/itunes-assets/AudioPreview125/v4/4e/b0/15/4eb0158d-286b-71d0-da84-16a3aefa85e8/mzaf_14466031948848295258.plus.aac.p.m4a,chamber music
p0428.ogg,Emerson String Quartet,"String Quartet No. 15 in D Minor, K. 421: I. Allegro moderato",Mozart: String Quartets K. 387 & 421,https://audio-ssl.itunes.apple.com/itunes-assets/AudioPreview125/v4/d9/4b/5f/d94b5f87-e049-40e0-8f1e-58e5a4bc3492/mzaf_12186634682169128486.plus.aac.p.m4a,chamber music
p0429.ogg,"Claire Chase, JACK Quartet & Terry Riley",The Holy Liftoff: Lift Off Harmony,Terry Riley & Samuel Clay Birmaher: The Holy Liftoff,https://audio-ssl.itunes.apple.com/itunes-assets/AudioPreview221/v4/9f/6b/ca/9f6bcaf4-1ab7-1023-231d-eab93eb7a62b/mzaf_12874678553724001078.plus.aac.p.m4a,chamber music
p0430.ogg,"Claire Chase, Nathan Davis, JACK Quartet & Terry Riley",The Holy Liftoff: E-Flat Minor Ishi,Terry Riley & Samuel Clay Birmaher: The Holy Liftoff,https://audio-ssl.itunes.apple.com/itunes-assets/AudioPreview211/v4/c2/14/5c/c2145c6c-b9be-2ad0-9201-93e6186c0e62/mzaf_15078698017211950131.plus.aac.p.m4a,chamber music
p0431.ogg,Olivier Stankiewicz & Jonathan Ware,"Sonata in B-Flat Major, K. 454 (Arr. for Oboe): II. Andante",Mozart: Violin Sonatas on Oboe,https://audio-ssl.itunes.apple.com/itunes-assets/AudioPreview114/v4/2d/d6/40/2dd64088-9ecd-f3b0-b077-ca5c2fc09783/mzaf_12944645349267591082.plus.aac.p.m4a,chamber music
p0432.ogg,Quatuor Van Kuijk,"String Quartet No. 15 in D Minor, K. 421: II. Andante","Mozart: Quartets K. 387 & 421 , Divertimento K. 138",https://audio-ssl.itunes.apple.com/itunes-assets/AudioPreview115/v4/53/20/5c/53205cee-f1d2-13b6-4a1f-1218ac5b7e6b/mzaf_5879041361353891195.plus.aac.p.m4a,chamber music
p0433.ogg,Emil Gilels & Amadeus Quartet,"Piano Quintet in A Major, D. 667 ""The Trout"": I. Allegro vivace","Schubert: Piano Quintet in A Major, D. 667 ""The Trout"" & String Quartet No. 14 in D Minor, D. 810 ""Death and the Maiden""",https://audio-ssl.itunes.apple.com/itunes-assets/AudioPreview125/v4/61/7e/bd/617ebd60-840e-9050-36c4-3a091c6c5788/mzaf_4893550446162174294.plus.aac.p.m4a,chamber music
p0434.ogg,Anne-Sophie Mutter & Daniil Trifonov,"Schwanengesang, D. 957: IV. Ständchen (Arr. for Violin and Piano)",Schubert: Forellenquintett (Trout Quintet) [Live],https://audio-ssl.itunes.apple.com/itunes-assets/AudioPreview125/v4/53/3a/dd/533add45-901e-b3e3-7ea2-574f8a72be63/mzaf_5518012325628490328.plus.aac.p.m4a,chamber music
p0435.ogg,Ulf Wallin & Roland Pöntinen,"Salut d'amour, Op. 12",Elgar: Mot d'amour,https://audio-ssl.itunes.apple.com/itunes-assets/AudioPreview211/v4/ed/29/3d/ed293d63-bcb3-7c4f-e698-0e781504d0fa/mzaf_8834668704513192158.plus.aac.p.m4a,chamber music
p0436.ogg,"Anne-Sophie Mutter, Daniil Trifonov, Hwayoon Lee, Maximilian Hornung & Roman Patkoló","Piano Quintet in A Major, Op. 114, D. 667 ""The Trout"": II. Andante (Live)",Schubert: Forellenquintett (Trout Quintet) [Live],https://audio-ssl.itunes.apple.com/itunes-assets/AudioPreview115/v4/71/34/d7/7134d723-bb64-9c5d-cb6a-d71ae5aa6ab9/mzaf_10171900738004625068.plus.aac.p.m4a,chamber music
p0437.ogg,"Gidon Kremer, Daniil Trifonov & Giedre Dirvanauskaite","Trio élégiaque No. 2 in D Minor, Op. 9: I. Moderato",Preghiera - Rachmaninov Piano Trios,https://audio-ssl.itunes.apple.com/itunes-assets/AudioPreview115/v4/81/e2/d7/81e2d746-5745-910d-1030-7420f4a30ee1/mzaf_3717570441449827188.plus.aac.p.m4a,chamber music
p0438.ogg,"Emmanuel Pahud, Kammerorchesterbasel & Giovanni Antonini",Flute Concerto No. 7 in E Minor: III. Rondo [Allegretto],"Revolution - Flute Concertos by Devienne, Gianella, Gluck & Pleyel",https://audio-ssl.itunes.apple.com/itunes-assets/AudioPreview115/v4/b2/c4/e4/b2c4e451-88b1-6f05-712f-20b4989a67a7/mzaf_8675891536358567463.plus.aac.p.m4a,chamber music
p0439.ogg,Brooklyn Duo & Dover Quartet,A Thousand Years,Chamber Music,https://audio-ssl.itunes.apple.com/itunes-assets/AudioPreview125/v4/71/ea/a4/71eaa47b-b6c9-6f63-89a3-dfd81a29e7c2/mzaf_7484418249100060977.plus.aac.p.m4a,chamber music
p0440.ogg,Marina Viotti & Melankhôlia,Born To Die,Melankhôlia: In Darkness Through The Light,https://audio-ssl.itunes.apple.com/itunes-assets/AudioPreview221/v4/fe/b3/bb/feb3bb92-512e-d8ad-6840-b0eee61e95c9/mzaf_14064268017949247357.plus.aac.p.m4a,chamber music
p0441.ogg,Timo-Veikko Valve & Aura Go,Two Pieces: II. Langsam,Beethoven: Cello Sonatas - Webern: Works for Cello and Piano,https://audio-ssl.itunes.apple.com/itunes-assets/AudioPreview221/v4/15/10/0f/15100f3c-9b2f-0288-c47b-89396b35eb68/mzaf_16116306517550850732.plus.aac.p.m4a,chamber music
p0442.ogg,Jakub Józef Orliński & Michał Biel,"Serse, HWV 40, Act I: Largo. Ombra mai fu (Serse)",If Music...,https://audio-ssl.itunes.apple.com/itunes-assets/AudioPreview221/v4/6d/50/dc/6d50dca2-4c4b-cc3c-89a4-0f9c2c197eeb/mzaf_11480677227985051567.plus.aac.p.m4a,chamber music
p0443.ogg,Claudio Bohórquez & Peter Nagy,"Fünf Stücke im Volkston, Op. 102: I. ""Vanitas vanitatum"". Mit Humor",Schumann: Poetica,https://audio-ssl.itunes.apple.com/itunes-assets/AudioPreview125/v4/59/9f/43/599f43c5-7f91-99d5-4dcb-d6596964d36c/mzaf_18120699217782905412.plus.aac.p.m4a,chamber music
p0444.ogg,"Céline Moinet, Mohamed Hiber, Sindy Mohamed & Tim Park","Quartet in F Major, K. 370: II. Adagio",Mozart & Gatti,https://audio-ssl.itunes.apple.com/itunes-assets/AudioPreview221/v4/2d/bd/4f/2dbd4f88-8734-745e-f97f-3e3ecf2d04a5/mzaf_10724942396136702302.plus.aac.p.m4a,chamber music
p0445.ogg,Bertrand Chamayou & Leif Ove Andsnes,"Fugue for Piano Four-Hands in E Minor, Op. Posth. 152, D. 952",Schubert: Four Hands,https://audio-ssl.itunes.apple.com/itunes-assets/AudioPreview221/v4/35/28/b2/3528b267-5274-19bc-f1bc-046c6011e519/mzaf_15598990559157125813.plus.aac.p.m4a,chamber music
p0446.ogg,Emerson String Quartet & Mstislav Rostropovich,"String Quintet in C, D. 956: I. Allegro ma non troppo","Schubert: String Quintet, D. 956",https://audio-ssl.itunes.apple.com/itunes-assets/AudioPreview115/v4/e4/a9/73/e4a973c4-743e-f338-1c67-993835590278/mzaf_17177227766521764819.plus.aac.p.m4a,chamber music
p0447.ogg,Peter Cavallo & Joni Fuller,Elegy for Viola,Elegy for Viola - Single,https://audio-ssl.itunes.apple.com/itunes-assets/AudioPreview116/v4/83/b0/cd/83b0cd8e-a17e-06cb-83e3-e177a9cd0b99/mzaf_3144714703373225963.plus.aac.p.m4a,chamber music
p0448.ogg,"Maya Magub, Benjamin Jacobson, Marianne Thorsen, Jonathan Morton, Jonathan Moerschel & Richard Harwood","O du eselhafter Martin (Jakob), K. 560b (Arr. for violins by Maya Magub)",Canons,https://audio-ssl.itunes.apple.com/itunes-assets/AudioPreview221/v4/b1/bb/03/b1bb0312-29fe-1851-861c-9fc2a986a643/mzaf_4853781769572623742.plus.aac.p.m4a,chamber music
p0449.ogg,Daniel Barenboim & Jacqueline du Pré,"Cello Sonata in G Minor, Op. 65: III. Largo",Chopin & Franck: Cello Sonatas,https://audio-ssl.itunes.apple.com/itunes-assets/AudioPreview115/v4/08/4d/e4/084de4a4-c7df-fb25-400c-a62b1f434dfb/mzaf_18321923025972968095.plus.aac.p.m4a,chamber music
p0450.ogg,Borodin Quartet,"String Quintet in C major D. 956 : I. Allegro, ma non troppo",Schubert: String Quintet,https://audio-ssl.itunes.apple.com/itunes-assets/AudioPreview115/v4/93/5c/62/935c62ec-9e89-12ae-2b60-4eea320edbbb/mzaf_10071747463155913654.plus.aac.p.m4a,chamber music
p0451.ogg,Stephen Hough & Renaud Capuçon,"Violin Sonata in E Minor, Op. 82: III. Allegro non troppo",Elgar: Violin Concerto & Violin Sonata,https://audio-ssl.itunes.apple.com/itunes-assets/AudioPreview125/v4/8c/9d/e4/8c9de42c-52fa-0eb1-5879-590430002885/mzaf_11019536564419860317.plus.aac.p.m4a,chamber music
p0452.ogg,Trio Wanderer,"Piano Trio No. 1 in D Minor, Op. 49: II. Andante con Moto Tranquillo",Mendelssohn: Piano Trios,https://audio-ssl.itunes.apple.com/itunes-assets/AudioPreview115/v4/0f/69/50/0f6950c0-0f6e-9ad0-7b1b-57ae43321085/mzaf_4823363916704693189.plus.aac.p.m4a,chamber music
p0453.ogg,Théotime Langlois de Swarte & William Christie,"Pièces de clavecin, Suite in D, RCT 3: I. Les Tendres Plaintes",Bill & Friends,https://audio-ssl.itunes.apple.com/itunes-assets/AudioPreview221/v4/52/9c/15/529c15a9-db15-1337-8bc1-d7498b770d51/mzaf_11340549005121161060.plus.aac.p.m4a,chamber music
p0454.ogg,Sol Gabetta & Bertrand Chamayou,"Lied ohne Worte, Op. 109",Mendelssohn,https://audio-ssl.itunes.apple.com/itunes-assets/AudioPreview211/v4/4e/9e/a6/4e9ea6b9-9512-e0dd-a628-f7c517131d93/mzaf_16215513290128363798.plus.aac.p.m4a,chamber music
p0455.ogg,Alliage Quintett,"Guten Abend, gut' Nacht, Op. 49 No. 4 (Arr. for 4 Saxophones and Piano)",Lost in Temptation,https://audio-ssl.itunes.apple.com/itunes-assets/AudioPreview125/v4/f0/57/37/f05737a4-7ea1-897c-2c12-79ce90872dbc/mzaf_16009731590696907122.plus.aac.p.m4a,chamber music
p0456.ogg,Pavel Haas Quartet & Boris Giltburg,"Piano Quintet No. 2, Op. 81, B. 155: III. Scherzo - Furiant. Molto vivace","Dvořák: Quintets, Op. 81 & 97",https://audio-ssl.itunes.apple.com/itunes-assets/AudioPreview115/v4/e4/c7/da/e4c7daf8-05c1-d5cb-952b-06ac6591e2dc/mzaf_14995399104975947193.plus.aac.p.m4a,chamber music
p0457.ogg,Kian Soltani & Aaron Pilsan,"Arpeggione Sonata in A Minor, D. 821: I. Allegro moderato",Home,https://audio-ssl.itunes.apple.com/itunes-assets/AudioPreview115/v4/08/38/f2/0838f28f-1b96-3602-1eb5-e330b9e5832d/mzaf_5375193696962931338.plus.aac.p.m4a,chamber music
p0458.ogg,Takács Quartet & Marc-André Hamelin,Piano Quintet in A Minor: II. Andante con moto,Dvořák & Price: Piano Quintets,https://audio-ssl.itunes.apple.com/itunes-assets/AudioPreview211/v4/a6/cd/9f/a6cd9f60-c3d6-c6da-0156-8141d64b2fe6/mzaf_8362426035960159904.plus.aac.p.m4a,chamber music
p0459.ogg,Kronos Quartet,"Ya Habibi Ta’ala (My Love, Come Quickly)",Floodplain,https://audio-ssl.itunes.apple.com/itunes-assets/AudioPreview115/v4/b8/ff/68/b8ff68df-3bdf-2519-d3ac-c5c535e15ca2/mzaf_9035456774520118301.plus.aac.p.m4a,chamber music
p0460.ogg,"Haruna Shinoyama, Neža Klinar, Philipp Comploi & Florian Birsak","Serenade in C Major, K. 648 ""A Very Little Night Music"" (Version for 2 Violins, Cello & Harpsichord): III. Menuet [I] – Trio","Mozart: Serenade in C Major, K. 648 ""A Very Little Night Music"" (Version for 2 Violins, Cello & Harpsichord) [World Premiere Recording]",https://audio-ssl.itunes.apple.com/itunes-assets/AudioPreview221/v4/85/bd/93/85bd9382-f2b4-b61e-c93c-04ea033b309a/mzaf_4469271423781833997.plus.aac.p.m4a,chamber music
p0461.ogg,Anne-Sophie Mutter & Lambert Orkis,"Sonata for Piano and Violin in F, K. 376: I. Allegro",Mozart: Complete Violin Sonatas (with bonus track),https://audio-ssl.itunes.apple.com/itunes-assets/AudioPreview125/v4/ed/d8/ed/edd8ed13-c17c-c0ca-5df6-ab8ecff2b734/mzaf_10785435033119670600.plus.aac.p.m4a,chamber music
p0462.ogg,"Georg Maximilian Hörtnagel, Elisabeth Leonskaja & Alban Berg Quartett","Piano Quintet in A Major, Op. 114, D. 667 ""Trout"": IV. Tema e variazioni. Andante","Schubert: Piano Quintet, D. 667 ""Trout""",https://audio-ssl.itunes.apple.com/itunes-assets/AudioPreview211/v4/08/ee/c1/08eec173-2ec1-76c4-549f-bb7e76818298/mzaf_8791674205690617605.plus.aac.p.m4a,chamber music
p0463.ogg,Alexandre Tharaud & Bruce Liu,"21 Hungarian Dances, WoO 1: No. 5 in F-Sharp Minor (Piano 4-Hands Version)",Four Hands,https://audio-ssl.itunes.apple.com/itunes-assets/AudioPreview211/v4/af/5e/83/af5e8304-5ff7-ffb6-8b52-9093df728274/mzaf_13564456790965414876.plus.aac.p.m4a,chamber music
p0464.ogg,Fazil Say & Casal Quartet,"3 Ballads, Op. 12 (Arr. for Piano Quintet): No. 2, Kumru",Ballads & Quintets,https://audio-ssl.itunes.apple.com/itunes-assets/AudioPreview125/v4/6b/a8/72/6ba87257-2883-b96b-2df6-f1d4f58924e8/mzaf_483710094193682625.plus.aac.p.m4a,chamber music
p0465.ogg,Richard Hosford & The Gaudier Ensemble,"Clarinet Quintet in A Major, K. 581: II. Larghetto",Quintets for Clarinet & Strings,https://audio-ssl.itunes.apple.com/itunes-assets/AudioPreview221/v4/34/fe/f2/34fef22d-9be2-2162-fe2d-05157c343a73/mzaf_14940811258293575344.plus.aac.p.m4a,chamber music
p0466.ogg,Les Vents Français & Eric Le Sage,"Quintet for Piano & Winds in E-Flat Major, K. 452: III. Allegretto",Les Vents Français - Piano & Winds,https://audio-ssl.itunes.apple.com/itunes-assets/AudioPreview115/v4/8f/a1/4f/8fa14f70-742b-7ee6-0496-32a3c9217819/mzaf_1881193217551331795.plus.aac.p.m4a,chamber music
p0467.ogg,Alina Ibragimova & Cédric Tiberghien,"Violin Sonata in C Major, K. 296: III. Rondeau. Allegro","Mozart: Violin Sonatas Nos. 17, 23, 32, 36 (K. 296, 306, 454 & 547) etc.",https://audio-ssl.itunes.apple.com/itunes-assets/AudioPreview211/v4/40/54/19/405419d5-04f5-00cf-d468-847674f9fa64/mzaf_2231156714499888936.plus.aac.p.m4a,chamber music
p0468.ogg,The Modern Jazz Quartet,"Three Windows (from No Sun in Venice) [MJQ - Live John Lewis, Percy Heath]",MJQ: The Golden Striker,https://audio-ssl.itunes.apple.com/itunes-assets/AudioPreview221/v4/cf/cc/76/cfcc7604-94a7-e2f7-be77-34541614b2dc/mzaf_9279209082212526049.plus.aac.p.m4a,jazz quartet
p0469.ogg,Polish Jazz Quartet,Zarys,"Polish Jazz Quartet (Polish Jazz, Vol. 3)",https://audio-ssl.itunes.apple.com/itunes-assets/AudioPreview115/v4/a4/cd/f7/a4cdf768-2965-13e2-9339-7308c112ca38/mzaf_10506243225063751437.plus.aac.p.m4a,jazz quartet
p0470.ogg,Jazz Quartet,Manhattan,Clasicos del Jazz,https://audio-ssl.itunes.apple.com/itunes-assets/AudioPreview125/v4/f9/60/98/f96098d3-8552-f3b8-ac12-898e8c7b0138/mzaf_4058548610079221784.plus.aac.p.m4a,jazz quartet
p0471.ogg,Coffeehouse Smooth Jazz Playlist Radio,Jazz Quartet - Vibes for Social Distancing,Music for Working at Home,https://audio-ssl.itunes.apple.com/itunes-assets/AudioPreview113/v4/e7/db/0e/e7db0e8f-3a18-f0ce-c4c8-f18b2c2f6224/mzaf_13526958899799152060.plus.aac.p.m4a,jazz quartet
p0472.ogg,Ah2,Jazz Quartet,Late Night Lounge,https://audio-ssl.itunes.apple.com/itunes-assets/AudioPreview113/v4/90/0e/cb/900ecb45-b4c1-aabb-4bc4-f721ec81a7f3/mzaf_90208142701818055.plus.aac.p.m4a,jazz quartet
p0473.ogg,Abigoba,Jazz Quartet,Agatha Christie - Murder on the Orient Express (Original Game Soundtrack) (Deluxe Edition),https://audio-ssl.itunes.apple.com/itunes-assets/AudioPreview211/v4/ae/17/d4/ae17d416-8e2b-9b51-416a-537edefb406b/mzaf_4686958483998913380.plus.aac.p.m4a,jazz quartet
p0474.ogg,Luigi Di Guida,Jazz Quartet (Ambient - Earth - Sea - River - Wild - Focus - Wind),"Sifare Publishing Music Library 2012, Vol. 4 (Geography Documentaries)",https://audio-ssl.itunes.apple.com/itunes-assets/AudioPreview221/v4/eb/24/1c/eb241c68-915c-3ec2-643a-f27e16664cef/mzaf_14668514931245123511.plus.aac.p.m4a,jazz quartet
p0475.ogg,Breeze Groove,Jazz Quartet,Coffee Under the Stars,https://audio-ssl.itunes.apple.com/itunes-assets/AudioPreview221/v4/a3/e3/e1/a3e3e120-87c4-3019-1897-c5c7a25ace27/mzaf_137339794732913011.plus.aac.p.m4a,jazz quartet
p0476.ogg,Spanish Coffee Shop Music,Jazz Quartet - Vibes for Social Distancing,Bgm for Working from Home,https://audio-ssl.itunes.apple.com/itunes-assets/AudioPreview123/v4/27/04/c4/2704c45f-117d-89ac-92db-90becaae17a2/mzaf_13786613091760143083.plus.aac.p.m4a,jazz quartet
p0477.ogg,Cool Jazz Vibes,Jazz Quartet - Vibe for Social Distancing,"Spending Time at Home, Bossa Nova",https://audio-ssl.itunes.apple.com/itunes-assets/AudioPreview113/v4/96/f6/1f/96f61f1c-1b73-d492-1075-4a139e5a2894/mzaf_9742011446385941504.plus.aac.p.m4a,jazz quartet
p0478.ogg,Aurora Strings,Jazz Quartet,A Cafe in the Rain,https://audio-ssl.itunes.apple.com/itunes-assets/AudioPreview112/v4/83/9e/47/839e474f-73ca-39a7-ec19-bdf7fd2c4f57/mzaf_10838036396006215908.plus.aac.p.m4a,jazz quartet
p0479.ogg,Precious Parade,Jazz Quartet,A Good Coffee,https://audio-ssl.itunes.apple.com/itunes-assets/AudioPreview112/v4/63/a9/d4/63a9d470-793a-dfa3-e274-a7270dff346d/mzaf_10767781332594740222.plus.aac.p.m4a,jazz quartet
p0480.ogg,Swinging Moon,Jazz Quartet,Let's Make a Brew,https://audio-ssl.itunes.apple.com/itunes-assets/AudioPreview112/v4/19/32/f2/1932f2f0-ebfe-4d10-a545-0514cbf1ea87/mzaf_16156449239045560160.plus.aac.p.m4a,jazz quartet
p0481.ogg,Red Onion,Jazz Quartet,Jazz BGM,https://audio-ssl.itunes.apple.com/itunes-assets/AudioPreview112/v4/f9/6f/f5/f96ff5f4-ebe2-c775-832a-37042a7249d2/mzaf_11227124987301460930.plus.aac.p.m4a,jazz quartet
p0482.ogg,Rose Colored Jazz,Jazz Quartet,Cafe Romance,https://audio-ssl.itunes.apple.com/itunes-assets/AudioPreview211/v4/fe/5f/62/fe5f62e5-ec6e-0096-c9a6-42872f5da974/mzaf_5363551521417875954.plus.aac.p.m4a,jazz quartet
p0483.ogg,Pastel Groove,Jazz Quartet,Coffee and Sugar,https://audio-ssl.itunes.apple.com/itunes-assets/AudioPreview211/v4/d5/08/fe/d508feb6-de20-b2cf-e19d-52d167c3c23c/mzaf_6575033371439577804.plus.aac.p.m4a,jazz quartet
p0484.ogg,The Smooth Jazz Quartet,I Still Haven't Found What I'm Looking For,Jazz and U2,https://audio-ssl.itunes.apple.com/itunes-assets/AudioPreview125/v4/44/35/58/443558f4-b16a-caa7-841a-60a9f1273d99/mzaf_16924337782506242883.plus.aac.p.m4a,jazz quartet
p0485.ogg,Sonny Rollins,In a Sentimental Mood (feat. The Modern Jazz Quartet),"Sonny Rollins with the Modern Jazz Quartet (feat. The Modern Jazz Quartet, Art Blakey & Kenny Drew)",https://audio-ssl.itunes.apple.com/itunes-assets/AudioPreview125/v4/30/84/58/30845803-b406-5bc2-c3c9-7e650ccb2d95/mzaf_17663659200391431848.plus.aac.p.m4a,jazz quartet
p0486.ogg,Mark Guiliana Jazz Quartet,Inter-Are,Jersey,https://audio-ssl.itunes.apple.com/itunes-assets/AudioPreview115/v4/9b/fc/84/9bfc842e-2ef0-a345-e8b0-63a15e069878/mzaf_11625756702710558770.plus.aac.p.m4a,jazz quartet
p0487.ogg,Teo Macero & The Prestige Jazz Quartet,Ghost Story,Teo Macero With the Prestige Jazz Quartet,https://audio-ssl.itunes.apple.com/itunes-assets/AudioPreview114/v4/b0/01/25/b001255a-1bbd-0fde-e7a0-c4aec46b0873/mzaf_8085636883640849010.plus.aac.p.m4a,jazz quartet
p0488.ogg,Scott Kinsey,Quartet,Kinesthetics,https://audio-ssl.itunes.apple.com/itunes-assets/AudioPreview115/v4/4b/8d/c0/4b8dc0a1-cada-9554-df21-d08e0aaf49a0/mzaf_1030700555740496837.plus.aac.p.m4a,jazz quartet
p0489.ogg,Cafe Music BGM Channel,Cozy Things (feat. Singapore Jazz Quartet),Summer House,https://audio-ssl.itunes.apple.com/itunes-assets/AudioPreview112/v4/f4/44/29/f4442934-867f-2ac4-e259-443f96716c0e/mzaf_4865350390022234424.plus.aac.p.m4a,jazz quartet
p0490.ogg,Brooklyn Jazz Quartet,When You Wish Upon a Star,Christmas Chill,https://audio-ssl.itunes.apple.com/itunes-assets/AudioPreview125/v4/eb/5e/b1/eb5eb180-9ed5-1cc4-21e7-6738fce6c275/mzaf_6847020308214832294.plus.aac.p.m4a,jazz quartet
p0491.ogg,Olivia Dean,So Easy (To Fall In Love),The Art of Loving,https://audio-ssl.itunes.apple.com/itunes-assets/AudioPreview221/v4/b3/0a/c0/b30ac06f-1b78-f579-8e72-e2fc9eb3a2c8/mzaf_7319723033619206839.plus.aac.p.m4a,jazz quartet
p0492.ogg,Amberlin Jazz Quartet,Faded Echoes,Faded Echoes,https://audio-ssl.itunes.apple.com/itunes-assets/AudioPreview221/v4/3c/4a/18/3c4a184c-d2fe-7d94-6d04-41d483e97b93/mzaf_9908797160376039234.plus.aac.p.m4a,jazz quartet
p0493.ogg,Copenhagen Jazz Quartet,Jingle Bells,Christmas Chill,https://audio-ssl.itunes.apple.com/itunes-assets/AudioPreview125/v4/a8/7c/a1/a87ca138-e440-01f6-e2be-eb430d625783/mzaf_11638158162784119533.plus.aac.p.m4a,jazz quartet
p0494.ogg,Swedish Jazz Quartet,Gläns Över Sjö & Strand,Christmas Chill,https://audio-ssl.itunes.apple.com/itunes-assets/AudioPreview125/v4/a6/17/b8/a617b838-33b5-22d4-5791-362c90a54ed0/mzaf_727362075398461134.plus.aac.p.m4a,jazz quartet
p0495.ogg,Clint Mansell & Kronos Quartet,Lux Aeterna,Requiem for a Dream (Soundtrack from the Motion Picture),https://audio-ssl.itunes.apple.com/itunes-assets/AudioPreview125/v4/b9/5b/95/b95b95b9-6df4-26dd-3b1e-b2310e62a354/mzaf_4112986017103799430.plus.aac.p.m4a,jazz quartet
p0496.ogg,Bruce Riley,Your Mello Cat,Jazz Quartet,https://audio-ssl.itunes.apple.com/itunes-assets/AudioPreview111/v4/41/c6/c6/41c6c6bb-3a96-f49c-63c7-e56570bcc667/mzaf_4451671444935339992.plus.aac.p.m4a,jazz quartet
p0497.ogg,Cafe Chill Jazz Background,Bebop Jazz,"Bebop Jazz: Swing Music Cafe, Fast Improvisatory Rhythms",https://audio-ssl.itunes.apple.com/itunes-assets/AudioPreview125/v4/64/a9/d8/64a9d8d2-f500-9cc0-db8b-c59194bba84f/mzaf_5430828038196702968.plus.aac.p.m4a,bebop jazz
p0498.ogg,Charlie Parker,Bebop,The Complete Savoy & Dial Master Takes,https://audio-ssl.itunes.apple.com/itunes-assets/AudioPreview123/v4/12/43/c5/1243c513-33da-3e22-09e9-eb255e1b99db/mzaf_14402919350107346266.plus.aac.p.m4a,bebop jazz
p0499.ogg,Gil Scott-Heron & Jamie xx,Jazz (Interlude),We're New Here,https://audio-ssl.itunes.apple.com/itunes-assets/AudioPreview125/v4/64/05/a2/6405a2dc-a6ad-96bd-a508-03658e363c83/mzaf_10220859921014395249.plus.aac.p.m4a,bebop jazz
p0500.ogg,Massive Attack,Angel,Mezzanine,https://audio-ssl.itunes.apple.com/itunes-assets/AudioPreview221/v4/76/46/7e/76467e19-3983-192a-406f-43cd30f8fe63/mzaf_7454703089470620689.plus.aac.p.m4a,bebop jazz
p0501.ogg,The Cinematic Orchestra,To Build a Home (feat. Patrick Watson),Ma Fleur,https://audio-ssl.itunes.apple.com/itunes-assets/AudioPreview211/v4/13/36/1b/13361b81-caee-7e18-9dda-bb93177ab056/mzaf_11231370754395215325.plus.aac.p.m4a,bebop jazz
p0502.ogg,Portishead,Glory Box,Dummy,https://audio-ssl.itunes.apple.com/itunes-assets/AudioPreview115/v4/e9/12/99/e91299a5-115b-85d5-c6a5-7d7ffca699cf/mzaf_16022543165233599469.plus.aac.p.m4a,bebop jazz
p0503.ogg,Quincy Jones,Soul Bossa Nova,Talkin' Verve: Quincy Jones,https://audio-ssl.itunes.apple.com/itunes-assets/AudioPreview221/v4/8b/2e/37/8b2e373a-024c-f226-1fea-50a49b4f2686/mzaf_12995940682786973522.plus.aac.p.m4a,bebop jazz
p0504.ogg,Gotye,Somebody That I Used to Know (feat. Kimbra),Making Mirrors (Deluxe Edition),https://audio-ssl.itunes.apple.com/itunes-assets/AudioPreview125/v4/18/0b/e2/180be2d2-4055-cd51-f90f-37744edadebf/mzaf_9718310893460453571.plus.aac.p.m4a,bebop jazz
p0505.ogg,Dizzy Gillespie & Dizzy Gillespie and His Orchestra,A Night In Tunisia,Bebop Professor,https://audio-ssl.itunes.apple.com/itunes-assets/AudioPreview112/v4/b3/1c/45/b31c45ce-b606-2de9-8bc7-a6550c0d2350/mzaf_5601383589755790942.plus.aac.p.m4a,bebop jazz
p0506.ogg,J.J. Johnson,Turnpike (2001 Remaster) [The Rudy Van Gelder Edition],"The Eminent J. J. Johnson, Vol. 1 (The Rudy Van Gelder Edition)",https://audio-ssl.itunes.apple.com/itunes-assets/AudioPreview125/v4/13/37/ba/1337baab-0e77-196f-4b55-2a96212befc1/mzaf_8871463099817894175.plus.aac.p.m4a,bebop jazz
p0507.ogg,Lennie Tristano,These Foolish Things,Lennie Tristano / The New Tristano,https://audio-ssl.itunes.apple.com/itunes-assets/AudioPreview112/v4/54/49/79/544979f7-21c9-c772-c56b-3f7c5c11101e/mzaf_2974419797786115418.plus.aac.p.m4a,bebop jazz
p0508.ogg,Stan Getz,Crazy Chords,Stan Getz Quartets,https://audio-ssl.itunes.apple.com/itunes-assets/AudioPreview115/v4/03/22/74/03227455-909d-df25-e5d7-e1f62c71d39f/mzaf_12345602924803232921.plus.aac.p.m4a,bebop jazz
p0509.ogg,Bonobo,Cirrus,The North Borders,https://audio-ssl.itunes.apple.com/itunes-assets/AudioPreview211/v4/0a/7b/23/0a7b2301-138d-163a-8de8-79c51be47842/mzaf_13157584990167779773.plus.aac.p.m4a,bebop jazz
p0510.ogg,Thelonious Monk,'Round Midnight,"Genius of Modern Music, Vol. 1",https://audio-ssl.itunes.apple.com/itunes-assets/AudioPreview211/v4/3c/33/40/3c33406a-f32d-fa67-6f9a-ace81aa60be8/mzaf_6228310614182394136.plus.aac.p.m4a,bebop jazz
p0511.ogg,Clifford Brown & Max Roach Quintet,Daahoud,Clifford Brown And Max Roach,https://audio-ssl.itunes.apple.com/itunes-assets/AudioPreview211/v4/b5/c2/6d/b5c26df4-9430-da7f-69cb-ff5abb1402c3/mzaf_606091673954618164.plus.aac.p.m4a,bebop jazz
p0512.ogg,Röyksopp,What Else Is There?,The Understanding,https://audio-ssl.itunes.apple.com/itunes-assets/AudioPreview125/v4/07/60/1a/07601a32-b295-cf63-06f6-5ea0d9536a9a/mzaf_13976590747154306663.plus.aac.p.m4a,bebop jazz
p0513.ogg,Culture Beat,Mr. Vain,Serenity,https://audio-ssl.itunes.apple.com/itunes-assets/AudioPreview125/v4/42/2e/4a/422e4aea-17bb-f398-5a6b-eebd742d0c08/mzaf_17622916482586997013.plus.aac.p.m4a,bebop jazz
p0514.ogg,Charlie Parker Quartet,Confirmation (Take 3 / Master),Now’s The Time: The Genius Of Charlie Parker #3,https://audio-ssl.itunes.apple.com/itunes-assets/AudioPreview125/v4/16/36/f5/1636f597-5a0e-3a37-617a-e9861707ae4c/mzaf_18309422223353344396.plus.aac.p.m4a,bebop jazz
p0515.ogg,Bud Powell,Un Poco Loco (1998 Remaster) [The Rudy Van Gelder Edition],"The Amazing Bud Powell, Vol. 1 (The Rudy Van Gelder Edition)",https://audio-ssl.itunes.apple.com/itunes-assets/AudioPreview115/v4/26/17/48/26174860-50c6-783e-f422-18e81a6c36ba/mzaf_1478836543850841457.plus.aac.p.m4a,bebop jazz
p0516.ogg,Air & Beth Hirsch,All I Need,Moon Safari,https://audio-ssl.itunes.apple.com/itunes-assets/AudioPreview221/v4/6f/74/ca/6f74ca92-321a-aafa-0aeb-673c9dc7aad2/mzaf_1954887547029520263.plus.aac.p.m4a,bebop jazz
p0517.ogg,Air,La femme d'argent,Moon Safari,https://audio-ssl.itunes.apple.com/itunes-assets/AudioPreview211/v4/8c/81/02/8c8102b8-7fb4-bd3c-40a7-65e308738fb9/mzaf_6066728911895682016.plus.aac.p.m4a,bebop jazz
p0518.ogg,Johnny Griffin,Smoke Stack,A Blowin' Session (The Rudy Van Gelder Edition) [Remastered],https://audio-ssl.itunes.apple.com/itunes-assets/AudioPreview115/v4/f8/bd/06/f8bd069f-f84a-498a-6bee-80d4b7dbffac/mzaf_9689381105641183362.plus.aac.p.m4a,bebop jazz
p0519.ogg,Jutta Hipp & Zoot Sims,Too Close for Comfort,Jutta Hipp With Zoot Sims,https://audio-ssl.itunes.apple.com/itunes-assets/AudioPreview125/v4/2d/3f/c0/2d3fc0e8-3ac1-d0c9-6ff8-c09fb94ea553/mzaf_7189710069458124932.plus.aac.p.m4a,bebop jazz
p0520.ogg,Nightmares On Wax,You Wish,In a Space Outta Sound,https://audio-ssl.itunes.apple.com/itunes-assets/AudioPreview221/v4/89/0e/68/890e684b-0273-5b3a-ddf4-99a47c3dfbd7/mzaf_11112914945559783035.plus.aac.p.m4a,bebop jazz
p0521.ogg,The Chemical Brothers,Hey Boy Hey Girl (2003 Remaster),Brotherhood (Deluxe Version),https://audio-ssl.itunes.apple.com/itunes-assets/AudioPreview115/v4/0c/05/08/0c0508e0-02d3-e81f-2093-e95a09d42619/mzaf_5818740068745555196.plus.aac.p.m4a,bebop jazz
p0522.ogg,The Cinematic Orchestra & The London Metropolitan Orchestra,Arrival of the Birds,The Crimson Wing: Mystery of the Flamingos (Original Soundtrack),https://audio-ssl.itunes.apple.com/itunes-assets/AudioPreview116/v4/77/11/83/7711833b-e72f-d7ec-0eb0-f562505af011/mzaf_12353729268624283785.plus.aac.p.m4a,bebop jazz
p0523.ogg,Jimmy Heath Orchestra,The Picture of Heath,Really Big!,https://audio-ssl.itunes.apple.com/itunes-assets/AudioPreview115/v4/1a/a6/96/1aa6969d-4bcf-3942-c473-eefc46bd3960/mzaf_17746433329472301623.plus.aac.p.m4a,bebop jazz
p0524.ogg,Tadd Dameron,Our Delight (Remastered),The Complete Blue Note and Capitol Recordings,https://audio-ssl.itunes.apple.com/itunes-assets/AudioPreview115/v4/65/ff/1a/65ff1ac1-e079-3907-4fe4-4f174a0a9146/mzaf_15479202680836425837.plus.aac.p.m4a,bebop jazz
p0525.ogg,Miles Davis,'Round Midnight,'Round About Midnight (Legacy Edition),https://audio-ssl.itunes.apple.com/itunes-assets/AudioPreview126/v4/75/10/f9/7510f9cc-ebd3-8b81-b286-9827ccb4fb40/mzaf_17097298630081534149.plus.aac.p.m4a,bebop jazz
p0526.ogg,Milt Jackson,Bags' Groove,"Milt Jackson With John Lewis, Percy Heath, Kenny Clarke and Lou Donaldson (Expanded Edition)",https://audio-ssl.itunes.apple.com/itunes-assets/AudioPreview115/v4/7f/c6/33/7fc633f6-4bbd-dcfc-0c09-6b3375f82988/mzaf_12011187901191402301.plus.aac.p.m4a,bebop jazz
p0527.ogg,John Coltrane,Bakai,Coltrane (Remastered),https://audio-ssl.itunes.apple.com/itunes-assets/AudioPreview115/v4/29/f1/8d/29f18dad-dcd7-6fa7-3067-034ea0c12aa9/mzaf_206411745053188748.plus.aac.p.m4a,bebop jazz
p0528.ogg,Björk,Army of Me,Post,https://audio-ssl.itunes.apple.com/itunes-assets/AudioPreview221/v4/c2/18/4b/c2184b60-2c7b-ab0a-0916-b288881e2bb2/mzaf_930705679853655559.plus.aac.p.m4a,bebop jazz
p0529.ogg,Dizzy Gillespie,Bebop,"Something Old, Something New",https://audio-ssl.itunes.apple.com/itunes-assets/AudioPreview115/v4/d1/c5/4c/d1c54cde-59e4-b78f-419b-0e48cfa24790/mzaf_2560455414404832106.plus.aac.p.m4a,bebop jazz
p0530.ogg,"Charlie Parker, Dizzy Gillespie, Bud Powell, Max Roach & Charles Mingus",A Night In Tunisia (Live),The Quintet: Jazz At Massey Hall (Live) [1953],https://audio-ssl.itunes.apple.com/itunes-assets/AudioPreview125/v4/25/06/c9/2506c90c-4dbf-4f7a-38b5-1cd524730b28/mzaf_2791705858506100415.plus.aac.p.m4a,bebop jazz
p0531.ogg,Dizzy Gillespie and His Orchestra,Cubana Be,The Complete RCA Victor Recordings,https://audio-ssl.itunes.apple.com/itunes-assets/AudioPreview122/v4/ec/9d/f2/ec9df293-61bf-2375-0736-433aa306e06b/mzaf_3502601909410616176.plus.aac.p.m4a,bebop jazz
p0532.ogg,Art Pepper,Surf Ride,Cinnamon (feat. Miles Davis),https://audio-ssl.itunes.apple.com/itunes-assets/AudioPreview125/v4/b4/bd/0f/b4bd0ff7-1511-7c27-8a76-de25940d7f26/mzaf_18137448361661256162.plus.aac.p.m4a,bebop jazz
p0533.ogg,Little Dragon,Twice,Little Dragon,https://audio-ssl.itunes.apple.com/itunes-assets/AudioPreview115/v4/3a/31/9c/3a319c2f-46fc-e540-6d7c-d2ed446ff752/mzaf_17209116828197586552.plus.aac.p.m4a,bebop jazz
p0534.ogg,Jamiroquai,Little L,A Funk Odyssey,https://audio-ssl.itunes.apple.com/itunes-assets/AudioPreview221/v4/bf/d4/be/bfd4befc-9f54-343f-8068-5eaa4582a26e/mzaf_7486198142587334925.plus.aac.p.m4a,bebop jazz
p0535.ogg,Mr. Scruff,Get a Move On!,Keep It Unreal,https://audio-ssl.itunes.apple.com/itunes-assets/AudioPreview126/v4/33/cb/e2/33cbe215-28d4-888f-9b87-bd61a56003ee/mzaf_16271926039585944191.plus.aac.p.m4a,bebop jazz
p0536.ogg,Morcheeba,The Sea,Big Calm,https://audio-ssl.itunes.apple.com/itunes-assets/AudioPreview122/v4/87/68/f9/8768f995-e49e-0109-d608-b3c702dc6fc6/mzaf_6803781633227772477.plus.aac.p.m4a,bebop jazz
p0537.ogg,Coleman Hawkins and His Orchestra,Body and Soul,The Essential Coleman Hawkins,https://audio-ssl.itunes.apple.com/itunes-assets/AudioPreview125/v4/ef/68/14/ef68148d-5d28-20f3-bedd-6579dd5529d6/mzaf_8079792192206494836.plus.aac.p.m4a,bebop jazz
p0538.ogg,Clifford Brown,Philly J J,Clifford Brown Memorial,https://audio-ssl.itunes.apple.com/itunes-assets/AudioPreview115/v4/00/8f/b5/008fb52f-ef06-0915-75d0-5427a7925579/mzaf_5915948450189025502.plus.aac.p.m4a,bebop jazz
p0539.ogg,Little People,Moon,Mickey Mouse Operation,https://audio-ssl.itunes.apple.com/itunes-assets/AudioPreview125/v4/d2/78/57/d278577a-004c-6db5-ff15-42f8e0e73925/mzaf_15409898521187067127.plus.aac.p.m4a,bebop jazz
p0540.ogg,Jay McShann,I'm Forever Blowing Bubbles,Bird In Time 1940-1947,https://audio-ssl.itunes.apple.com/itunes-assets/AudioPreview115/v4/bc/ad/64/bcad649f-1410-9e8c-5bbd-7a98d802bb44/mzaf_5777469126093026639.plus.aac.p.m4a,bebop jazz
p0541.ogg,Groove Armada,Superstylin',Goodbye Country (Hello Nightclub),https://audio-ssl.itunes.apple.com/itunes-assets/AudioPreview125/v4/f7/41/22/f741229e-cef5-913e-053f-3ad04da88671/mzaf_4385656456444645980.plus.aac.p.m4a,bebop jazz
p0542.ogg,Miles Davis & Milt Jackson,Minor March,Quintet / Sextet,https://audio-ssl.itunes.apple.com/itunes-assets/AudioPreview125/v4/fc/1b/a4/fc1ba4a3-16db-ce69-52ad-12e702e99d2d/mzaf_2200260818993828993.plus.aac.p.m4a,bebop jazz
p0543.ogg,James Moody,Moody's All Frantic,1948-1949,https://audio-ssl.itunes.apple.com/itunes-assets/AudioPreview115/v4/3c/d7/42/3cd742fe-1b9e-30b5-e7bb-02c2e82aaa8c/mzaf_5169841164337514034.plus.aac.p.m4a,bebop jazz
p0544.ogg,Kenny Clarke,Conglomeration,1948-1950,https://audio-ssl.itunes.apple.com/itunes-assets/AudioPreview125/v4/5b/17/0d/5b170d36-456a-8738-c7fc-cb7dd4e13270/mzaf_3775621965900569428.plus.aac.p.m4a,bebop jazz
p0545.ogg,Stereo MC's,Connected,Connected,https://audio-ssl.itunes.apple.com/itunes-assets/AudioPreview115/v4/9d/34/7e/9d347e49-2dfc-a3ff-1822-e840109c4b45/mzaf_18393272912454253134.plus.aac.p.m4a,bebop jazz
p0546.ogg,Jazz On The Latin Side All Stars,Bebop,The Last Bullfighter,https://audio-ssl.itunes.apple.com/itunes-assets/AudioPreview115/v4/dd/df/24/dddf24e4-e2e4-f3a5-bb5b-bd874d1f4fec/mzaf_8316685218797835533.plus.aac.p.m4a,bebop jazz
p0547.ogg,Amon Tobin,Nova,Permutation,https://audio-ssl.itunes.apple.com/itunes-assets/AudioPreview211/v4/d1/02/d1/d102d1d8-fed1-1483-0b52-b30f3490c785/mzaf_4108618986065476141.plus.aac.p.m4a,bebop jazz
p0548.ogg,James Taylor Quartet,I Say a Little Prayer,Wait a Minute,https://audio-ssl.itunes.apple.com/itunes-assets/AudioPreview116/v4/21/96/75/219675f4-eec5-3a0f-d2b9-79901315ae6c/mzaf_11027704044719454883.plus.aac.p.m4a,bebop jazz
p0549.ogg,Olive,You're Not Alone,Extra Virgin,https://audio-ssl.itunes.apple.com/itunes-assets/AudioPreview115/v4/c3/c9/97/c3c9973f-3b08-f7e0-6836-357c8a81e61c/mzaf_6861468608833230297.plus.aac.p.m4a,bebop jazz
p0550.ogg,Sonny Stitt,Juggernaut,All Star Sessions With Sonny Stitt (Remastered),https://audio-ssl.itunes.apple.com/itunes-assets/AudioPreview125/v4/a8/19/80/a8198043-06a9-f99a-9506-9ef6fefa2224/mzaf_15963575164875606240.plus.aac.p.m4a,bebop jazz
p0551.ogg,Hooverphonic,2Wicky,A New Stereophonic Sound Spectacular,https://audio-ssl.itunes.apple.com/itunes-assets/AudioPreview125/v4/1b/cd/ee/1bcdeee9-8687-c26b-5c3c-76cb093c90dd/mzaf_16488020225034161622.plus.aac.p.m4a,bebop jazz
p0552.ogg,Tricky,Nothing Matters (feat. Nneka),False Idols (Bonus Track Version),https://audio-ssl.itunes.apple.com/itunes-assets/AudioPreview115/v4/d2/96/35/d2963546-6fb8-426c-f3ba-e6869fb97e7e/mzaf_9406296422015517930.plus.aac.p.m4a,bebop jazz
p0553.ogg,Charles Mingus,The Story of Love,West Coast 1945-49,https://audio-ssl.itunes.apple.com/itunes-assets/AudioPreview115/v4/d6/0d/1f/d60d1f21-c23e-b8aa-bc27-4bb7ff199f37/mzaf_15801311956335853868.plus.aac.p.m4a,bebop jazz
p0554.ogg,Hank Jones,Thad's Pad,Urbanity (Expanded Edition),https://audio-ssl.itunes.apple.com/itunes-assets/AudioPreview118/v4/f9/5c/14/f95c1479-04b3-7b72-38ff-d0f65caaa514/mzaf_7139382075777292074.plus.aac.p.m4a,bebop jazz
p0555.ogg,Wynton Kelly,There'll Never Be Another You,"New Faces - New Sounds, Wynton Kelly Piano Interpretations",https://audio-ssl.itunes.apple.com/itunes-assets/AudioPreview115/v4/5a/d7/12/5ad71237-b660-12d1-7e55-cdf211db696c/mzaf_6437200545867298671.plus.aac.p.m4a,bebop jazz
p0556.ogg,Coleman Hawkins,Salt Peanuts,To Be or Not to Bop,https://audio-ssl.itunes.apple.com/itunes-assets/AudioPreview125/v4/88/ea/c9/88eac960-9a34-c7f2-ff0c-8c5834588131/mzaf_14207660441701879315.plus.aac.p.m4a,bebop jazz
p0557.ogg,Boards of Canada,In a Beautiful Place Out In the Country,In a Beautiful Place Out In the Country - EP,https://audio-ssl.itunes.apple.com/itunes-assets/AudioPreview125/v4/20/b0/65/20b06539-cd4d-dc59-cc3b-a9724e900078/mzaf_7221333941813335788.plus.aac.p.m4a,bebop jazz
p0558.ogg,Shantel,Disko Partizani,Disko Partizani,https://audio-ssl.itunes.apple.com/itunes-assets/AudioPreview115/v4/0b/8d/20/0b8d2082-4e33-c1f6-4d1b-8a0b79ae2e4f/mzaf_8477002040081692945.plus.aac.p.m4a,bebop jazz
p0559.ogg,Sonny Clark,Blue Minor,Cool Struttin' (The Rudy Van Gelder Edition Remastered),https://audio-ssl.itunes.apple.com/itunes-assets/AudioPreview125/v4/c0/f0/3d/c0f03d8b-b19a-b4c6-fc70-5349ac6556b1/mzaf_6861533321179478518.plus.aac.p.m4a,bebop jazz
p0560.ogg,Allen Eager,This Time the Dream's On Me,In the Land of Oo-Bla-Dee 1947-1953,https://audio-ssl.itunes.apple.com/itunes-assets/AudioPreview115/v4/c5/a1/cd/c5a1cd36-61e8-b2f8-f315-ab0fe4567afa/mzaf_18389926339389773242.plus.aac.p.m4a,bebop jazz
p0561.ogg,Sneaker Pimps,6 Underground,Becoming X,https://audio-ssl.itunes.apple.com/itunes-assets/AudioPreview126/v4/25/f0/67/25f0670f-327e-1f20-83d8-d84df553a3a1/mzaf_7882065199860008452.plus.aac.p.m4a,bebop jazz
p0562.ogg,Sarah Vaughan & Clifford Brown,It's Crazy,Sarah Vaughan,https://audio-ssl.itunes.apple.com/itunes-assets/AudioPreview211/v4/2c/1c/84/2c1c843c-6977-993f-422d-b64e9bf767a6/mzaf_11631560203695560548.plus.aac.p.m4a,bebop jazz
p0563.ogg,Elmo Hope,Mo Is On,Trio and Quintet,https://audio-ssl.itunes.apple.com/itunes-assets/AudioPreview115/v4/1e/68/7f/1e687f62-2db7-f6e9-89f9-c5f84c00742a/mzaf_18393199086548430744.plus.aac.p.m4a,bebop jazz
p0564.ogg,Smooth Jazz Music Set,Bebop Jazz,Bebop Jazz Cafe: Coffe House Experience (Music for After Midday Chilling),https://audio-ssl.itunes.apple.com/itunes-assets/AudioPreview126/v4/f2/bb/12/f2bb1209-0705-6127-fab6-9ee2bc1ada53/mzaf_4748247974021174299.plus.aac.p.m4a,bebop jazz
p0565.ogg,Jimmy Heath,"For Minors Only (feat. Barry Harris, Sam Jones & Billy Higgins)","Picture Of Heath (feat. Barry Harris, Sam Jones & Billy Higgins)",https://audio-ssl.itunes.apple.com/itunes-assets/AudioPreview115/v4/0b/5d/10/0b5d10d8-174a-f095-8b5e-3d0b859e2647/mzaf_5645558934097259373.plus.aac.p.m4a,bebop jazz
p0566.ogg,Bennie Green,Groove One,Hornful of Soul,https://audio-ssl.itunes.apple.com/itunes-assets/AudioPreview125/v4/25/82/85/2582856f-b0f5-a221-a773-68a4b4c9e6f0/mzaf_16703531522286184998.plus.aac.p.m4a,bebop jazz
p0567.ogg,"Toti Cisneros, Erwin Do & Bertram Kvist",Bebop,Bebop - Single,https://audio-ssl.itunes.apple.com/itunes-assets/AudioPreview221/v4/fd/d3/7c/fdd37c28-0ead-f4b9-808c-344d4477f9aa/mzaf_13406940791089147740.plus.aac.p.m4a,bebop jazz
p0568.ogg,Roy Eldridge and His Orchestra,After You've Gone,After You've Gone,https://audio-ssl.itunes.apple.com/itunes-assets/AudioPreview115/v4/bd/ec/53/bdec53f6-8c19-cc55-3a1a-0e83962faee8/mzaf_13042806854800774115.plus.aac.p.m4a,bebop jazz
p0569.ogg,Oscar Peterson,Georgia On My Mind,Night Train,https://audio-ssl.itunes.apple.com/itunes-assets/AudioPreview211/v4/b8/25/ed/b825ed1d-a0ba-4d45-8daa-0c57f2d23abf/mzaf_7330269577619127334.plus.aac.p.m4a,bebop jazz
p0570.ogg,Miles Davis & Stan Getz,Intoit,Conception,https://audio-ssl.itunes.apple.com/itunes-assets/AudioPreview115/v4/4c/f6/6d/4cf66d0a-52ca-3793-ed56-4f9f59e14c28/mzaf_4298044057834954229.plus.aac.p.m4a,bebop jazz
p0571.ogg,"Hank Mobley, Al Cohn, John Coltrane & Zoot Sims",Tenor Conclave,Tenor Conclave,https://audio-ssl.itunes.apple.com/itunes-assets/AudioPreview125/v4/91/32/99/913299b5-6b67-25b0-80d5-ca4ec20fb4a7/mzaf_1987048619036142162.plus.aac.p.m4a,bebop jazz
p0572.ogg,Billy Taylor,That's for Sure,One for Fun,https://audio-ssl.itunes.apple.com/itunes-assets/AudioPreview122/v4/b8/69/b7/b869b7e5-2c0c-0462-7ecb-5db8b16016c1/mzaf_113766850524126213.plus.aac.p.m4a,bebop jazz
p0573.ogg,Dodo Marmarosa,Up In Dodo's Room (Take 2),Dodo Marmarosa On Dial - The Complete Sessions (1946-47),https://audio-ssl.itunes.apple.com/itunes-assets/AudioPreview125/v4/71/ee/61/71ee61dc-e211-6b11-629a-0098170ad18e/mzaf_3961556690900908086.plus.aac.p.m4a,bebop jazz
p0574.ogg,Enigma,Sadeness (Part I) [Radio Edit],Sadeness (Part I) - EP,https://audio-ssl.itunes.apple.com/itunes-assets/AudioPreview211/v4/6e/92/ae/6e92ae52-c5de-ac5c-b728-9c0ef15c1479/mzaf_10110751197344522036.plus.aac.p.m4a,bebop jazz
p0575.ogg,"Dizzy Gillespie and His Orchestra, Dizzy Gillespie & Chano Pozo",Manteca,Bebop Professor,https://audio-ssl.itunes.apple.com/itunes-assets/AudioPreview112/v4/55/d4/29/55d429dd-670b-208d-c56b-2cae6151b1c5/mzaf_15509366833280545218.plus.aac.p.m4a,bebop jazz
p0576.ogg,Massive Attack & Mos Def,I Against I,Collected (Deluxe Edition),https://audio-ssl.itunes.apple.com/itunes-assets/AudioPreview115/v4/31/6c/ad/316cad2b-5148-2456-78fe-712c7897589b/mzaf_11221739366907904613.plus.aac.p.m4a,bebop jazz
p0577.ogg,Carlos Henriquez,Bebop (Live),Dizzy Con Clave: Live from Dizzy's Club Coca Cola,https://audio-ssl.itunes.apple.com/itunes-assets/AudioPreview116/v4/8f/99/f8/8f99f82b-d67a-6c56-f220-fd4321ed0177/mzaf_13165915961935844092.plus.aac.p.m4a,bebop jazz
p0578.ogg,"Victor Feldman, Stan Levey & Scott LaFaro",Bebop,The Arrival of Victor Feldman (Remastered),https://audio-ssl.itunes.apple.com/itunes-assets/AudioPreview125/v4/0f/c6/04/0fc6046d-ac5a-2cf5-5ec7-ed8af8022d8a/mzaf_14148574365231823051.plus.aac.p.m4a,bebop jazz
p0579.ogg,Barry Harris,Body and Soul,Listen to Barry Harris...Solo Piano (Reissue),https://audio-ssl.itunes.apple.com/itunes-assets/AudioPreview115/v4/f2/26/44/f2264436-3346-baa2-a6be-05515e4674a6/mzaf_14671743776841797433.plus.aac.p.m4a,bebop jazz
p0580.ogg,"Lucky Thompson, Oscar Pettiford & Skeeter Best",Tricrotism,Lucky Thompson Meets Oscar Pettiford (feat. Hank Jones & Jimmy Cleveland),https://audio-ssl.itunes.apple.com/itunes-assets/AudioPreview125/v4/56/52/14/56521469-391d-c88b-c8ff-0cbe2a361504/mzaf_17130777684519296882.plus.aac.p.m4a,bebop jazz
p0581.ogg,Red Rodney,Red Arrow,Fiery,https://audio-ssl.itunes.apple.com/itunes-assets/AudioPreview115/v4/85/5a/89/855a89c5-5510-b3ac-fe1e-ff333d8c8a3d/mzaf_8730550126819644107.plus.aac.p.m4a,bebop jazz
p0582.ogg,Peter Washington,Skylark,Stardust,https://audio-ssl.itunes.apple.com/itunes-assets/AudioPreview115/v4/a4/2d/99/a42d999d-da7f-a510-adb2-4c00dbde8d74/mzaf_7731244005227711933.plus.aac.p.m4a,bebop jazz
p0583.ogg,Lucky Thompson,Oodie Coo Bop (Ornithology) [Part 2] [Part 2],1944-1947,https://audio-ssl.itunes.apple.com/itunes-assets/AudioPreview125/v4/6f/b1/7d/6fb17d14-5f4a-c5f3-9b5d-e881578c8b7a/mzaf_6622627710929341213.plus.aac.p.m4a,bebop jazz
p0584.ogg,Easy Listening Guitar Music,Blues Guitar,Easy Listening Guitar Music,https://audio-ssl.itunes.apple.com/itunes-assets/AudioPreview125/v4/da/0c/bf/da0cbf63-c1fc-3327-3f26-4f7885bc1592/mzaf_13417843776716322465.plus.aac.p.m4a,blues guitar
p0585.ogg,The Chris Harland Blues Band,Blues Guitar (Live),A Long Time Coming,https://audio-ssl.itunes.apple.com/itunes-assets/AudioPreview125/v4/6a/81/56/6a815699-1797-c079-68be-8217473a4d18/mzaf_8725597737682536837.plus.aac.p.m4a,blues guitar
p0586.ogg,Albert King,Born Under A Bad Sign,King Of The Blues Guitar (Reissue),https://audio-ssl.itunes.apple.com/itunes-assets/AudioPreview115/v4/a8/f3/db/a8f3db37-e8d5-531d-b347-0546ee1f5220/mzaf_1968172862939948252.plus.aac.p.m4a,blues guitar
p0587.ogg,Relaxing Instrumental Jazz Academy,Guitar (Blues Guitar),Soft Jazz – Sensual Instrumental Smooth Jazz Guitar & Sax Relaxing Bossa Nova Jazz Music,https://audio-ssl.itunes.apple.com/itunes-assets/AudioPreview115/v4/04/18/9b/04189b12-aa83-028b-cb60-d5fc770c9b46/mzaf_17327656161325295119.plus.aac.p.m4a,blues guitar
p0588.ogg,Good Morning Jazz Academy,Guitar (Blues Guitar),Jazz Coffee Break,https://audio-ssl.itunes.apple.com/itunes-assets/AudioPreview115/v4/73/5e/7d/735e7d60-37f8-53f5-dd9d-40bfefbaeef7/mzaf_7411204002720980612.plus.aac.p.m4a,blues guitar
p0589.ogg,TheSound,Blues Guitar,Guitar Blue,https://audio-ssl.itunes.apple.com/itunes-assets/AudioPreview116/v4/2a/a2/b5/2aa2b5f0-721f-b6be-197c-c4bb46a833ec/mzaf_1639808778311466573.plus.aac.p.m4a,blues guitar
p0590.ogg,Paul Wood,Blues Guitar,Blues Is My Business,https://audio-ssl.itunes.apple.com/itunes-assets/AudioPreview125/v4/5d/1a/74/5d1a744e-f3e3-a67a-aba5-3b8e7f7526a2/mzaf_17796664018503924390.plus.aac.p.m4a,blues guitar
p0591.ogg,Café Latino Lounge,Blues Guitar (Coffee Bar Music),"Café Latino: Background Music, Lounge Café Sound Therapy, Latin Cocktail Bar Music Background, Waterfront Soft Party, Up Lifting Latin Music",https://audio-ssl.itunes.apple.com/itunes-assets/AudioPreview125/v4/42/c6/59/42c65900-67ec-2c96-3aeb-70c6b6a9ffd5/mzaf_2997214729193421279.plus.aac.p.m4a,blues guitar
p0592.ogg,Lounge Safari Buddha Chillout do Mar Café,Blues Guitar [Ibiza del Mar Chillout's Best Experience],Hotel Chill Out Ibiza: Electro Erotic Music Bar Café compiled by Astro Moon Ibiza Dj,https://audio-ssl.itunes.apple.com/itunes-assets/Music/v4/3b/bd/15/3bbd15fe-7161-468f-1d7c-865087f69411/mzaf_6742416344127791345.plus.aac.p.m4a,blues guitar
p0593.ogg,Yuta Osanai,Blues Guitar,"Blues, Vol. 19 -Instrumental BGM- by Audiostock",https://audio-ssl.itunes.apple.com/itunes-assets/AudioPreview126/v4/72/17/33/721733c2-8662-53c6-acbc-77abbb3b7159/mzaf_1337302989925831912.plus.aac.p.m4a,blues guitar
p0594.ogg,Alec Koff,Blues Guitar,"Anthology, Pt. 3",https://audio-ssl.itunes.apple.com/itunes-assets/AudioPreview221/v4/92/23/e9/9223e9b6-f1d0-b64a-3297-feced0cef605/mzaf_5792572991970633690.plus.aac.p.m4a,blues guitar
p0595.ogg,イージーリスニング ギター Star,Blues Guitar (ブルース ギター),イージーリスニング ギター,https://audio-ssl.itunes.apple.com/itunes-assets/AudioPreview125/v4/be/29/e3/be29e372-da75-8b7a-9478-e99f8fdd1581/mzaf_13447354803627840485.plus.aac.p.m4a,blues guitar
p0596.ogg,Duff Dorrough,Blues Guitar,If It Ain't One Thing It's Another,https://audio-ssl.itunes.apple.com/itunes-assets/Music/v4/14/05/b3/1405b37f-2ead-3b14-1a87-952a7b901b78/mzaf_1998652234416835069.plus.aac.p.m4a,blues guitar
p0597.ogg,Cuba,Blues Guitar (Instrumental),People,https://audio-ssl.itunes.apple.com/itunes-assets/AudioPreview112/v4/6f/9c/85/6f9c85bc-9a17-e91b-3315-b06bd152f29c/mzaf_5412372345339471200.plus.aac.p.m4a,blues guitar
p0598.ogg,Brown Eyes,Blues Guitar,Brown Eyes,https://audio-ssl.itunes.apple.com/itunes-assets/AudioPreview122/v4/6c/d6/b9/6cd6b913-1985-bb4b-ca6d-21acfb11460c/mzaf_15241424886387396524.plus.aac.p.m4a,blues guitar
p0599.ogg,Sasha Black,Blues Guitar,Blues Notes - Blues Guitar for Lonely Nights,https://audio-ssl.itunes.apple.com/itunes-assets/AudioPreview116/v4/ba/7e/4c/ba7e4cf1-8fc1-e65a-c7bd-7fa95529b2a1/mzaf_12108287349351471482.plus.aac.p.m4a,blues guitar
p0600.ogg,Lee Connors,Blues Guitar,Somebody Loves Me - EP,https://audio-ssl.itunes.apple.com/itunes-assets/AudioPreview211/v4/41/41/00/41410026-e848-15e0-2c94-af4d540e5b64/mzaf_17393613715197286102.plus.aac.p.m4a,blues guitar
p0601.ogg,The Blues Bears,Blues Guitar,Blues Guitar - Single,https://audio-ssl.itunes.apple.com/itunes-assets/AudioPreview211/v4/59/52/cf/5952cf05-fca8-da30-8b28-a00ef54ca5a6/mzaf_215810275214842218.plus.aac.p.m4a,blues guitar
p0602.ogg,Ravvii,Blues Guitar,Blues Guitar - Single,https://audio-ssl.itunes.apple.com/itunes-assets/AudioPreview211/v4/0d/1d/33/0d1d337b-f1de-9290-b88d-8dc3ac9e181b/mzaf_413127088716023558.plus.aac.p.m4a,blues guitar
p0603.ogg,B.B. King,Everyday I Have the Blues,The No.1 Blues Collection - The Very Best Original Blues Rock Classics & Hits from Greatest Classic Blues Guitar Legends,https://audio-ssl.itunes.apple.com/itunes-assets/AudioPreview115/v4/30/be/fe/30befed3-f695-6cd8-06f1-368e11d995d0/mzaf_15707628448368641926.plus.aac.p.m4a,blues guitar
p0604.ogg,Blues Music King,Blues,"Blues Music Cafe - Blues Guitar, Hammond B3 Blues Organ Music, Blues Guitar Licks and Blues Songs",https://audio-ssl.itunes.apple.com/itunes-assets/AudioPreview115/v4/77/9c/88/779c88c2-9f8a-cb8e-5c12-68787257f1a9/mzaf_5367747374721343985.plus.aac.p.m4a,blues guitar
p0605.ogg,Led Zeppelin,Whole Lotta Love,Led Zeppelin II (Remastered),https://audio-ssl.itunes.apple.com/itunes-assets/AudioPreview115/v4/19/76/cf/1976cf63-83e6-bc9e-1b9d-c8e0e7a5eac7/mzaf_15169984811349098837.plus.aac.p.m4a,blues guitar
p0606.ogg,Martin Kershaw & Philip Kershaw,Guitar Blues,Blues Guitar,https://audio-ssl.itunes.apple.com/itunes-assets/AudioPreview113/v4/ad/df/bb/addfbbc0-542a-1739-b2c5-a950977cbeeb/mzaf_7282117715380927165.plus.aac.p.m4a,blues guitar
p0607.ogg,Hubert Sumlin,Sometimes I'm Right,Blues Guitar Boss,https://audio-ssl.itunes.apple.com/itunes-assets/AudioPreview115/v4/46/03/70/46037025-d11e-fdc6-1797-06b480d1a78b/mzaf_5005160293400937440.plus.aac.p.m4a,blues guitar
p0608.ogg,The Smiths,There Is a Light That Never Goes Out,The Queen Is Dead,https://audio-ssl.itunes.apple.com/itunes-assets/AudioPreview112/v4/20/11/51/20115114-e6d1-bd5b-e958-9562ab58d19b/mzaf_13954921709237051462.plus.aac.p.m4a,blues guitar
p0609.ogg,Son House,John the Revelator,Legends of Country Blues Guitar,https://audio-ssl.itunes.apple.com/itunes-assets/AudioPreview125/v4/f5/ce/04/f5ce04a9-8cc5-6f7e-c719-bac72605f263/mzaf_9614402629614624168.plus.aac.p.m4a,blues guitar
p0610.ogg,Adele,Oh My God,30,https://audio-ssl.itunes.apple.com/itunes-assets/AudioPreview116/v4/0e/04/ea/0e04ea1a-a423-6c57-89ad-9b0288ba3857/mzaf_550362371034054579.plus.aac.p.m4a,blues guitar
p0611.ogg,Pat Hare,I'm Gonna Murder My Baby,Blues Guitar,https://audio-ssl.itunes.apple.com/itunes-assets/AudioPreview71/v4/71/35/df/7135dfdb-4a01-c15f-d1a2-68a8f4a9a6dc/mzaf_1793477138147377766.plus.aac.p.m4a,blues guitar
p0612.ogg,George Michael,Careless Whisper,Ladies & Gentlemen,https://audio-ssl.itunes.apple.com/itunes-assets/AudioPreview221/v4/7c/bb/d8/7cbbd80c-29a1-6142-d0f3-de33e8569a0e/mzaf_12978360432335063808.plus.aac.p.m4a,blues guitar
p0613.ogg,Audioslave,Like a Stone,Audioslave,https://audio-ssl.itunes.apple.com/itunes-assets/AudioPreview116/v4/45/c5/a4/45c5a454-85c9-dc43-6d42-b86ff48964b7/mzaf_792093563240187454.plus.aac.p.m4a,blues guitar
p0614.ogg,Bad Bunny,NUEVAYoL,DeBÍ TiRAR MáS FOToS,https://audio-ssl.itunes.apple.com/itunes-assets/AudioPreview221/v4/2e/97/55/2e97555a-1ed3-9e07-de57-07e1213186c9/mzaf_7594924455925081680.plus.aac.p.m4a,blues guitar
p0615.ogg,Sasha Alex Sloan,Dancing With Your Ghost,Dancing With Your Ghost - Single,https://audio-ssl.itunes.apple.com/itunes-assets/AudioPreview125/v4/93/2c/f8/932cf826-8197-2e9d-7230-8236f81d5638/mzaf_3865093058243545211.plus.aac.p.m4a,blues guitar
p0616.ogg,Billie Eilish,SKINNY,HIT ME HARD AND SOFT,https://audio-ssl.itunes.apple.com/itunes-assets/AudioPreview221/v4/c7/95/03/c79503d2-84f3-94e6-6d46-935dfd08a260/mzaf_755778634165222126.plus.aac.p.m4a,blues guitar
p0617.ogg,The Weeknd,After Hours,After Hours,https://audio-ssl.itunes.apple.com/itunes-assets/AudioPreview211/v4/54/2b/61/542b6133-80f7-f30f-4dcf-059490db9d84/mzaf_1539067797902127760.plus.aac.p.m4a,blues guitar
p0618.ogg,The Jimi Hendrix Experience,All Along the Watchtower,Electric Ladyland,https://audio-ssl.itunes.apple.com/itunes-assets/AudioPreview221/v4/a7/58/ce/a758ce2a-f3b7-c70f-4d38-8ec933f5c838/mzaf_9944636089902578417.plus.aac.p.m4a,blues guitar
p0619.ogg,Derrick Parris & Tony Washington,Georgia,Blues Guitar,https://audio-ssl.itunes.apple.com/itunes-assets/AudioPreview113/v4/ea/41/22/ea41228c-b0d9-8543-c962-e135f5bd6660/mzaf_4212258345621195852.plus.aac.p.m4a,blues guitar
p0620.ogg,A Great Big World & Christina Aguilera,Say Something,Is There Anybody Out There?,https://audio-ssl.itunes.apple.com/itunes-assets/AudioPreview115/v4/8f/5a/12/8f5a1264-ae49-e7e4-e3d7-7831e59c4b83/mzaf_5239120977186816345.plus.aac.p.m4a,blues guitar
p0621.ogg,Luther Allison,Rock Me Baby,Pickin' & Slidin' Blues Guitar,https://audio-ssl.itunes.apple.com/itunes-assets/AudioPreview115/v4/f0/82/7e/f0827ef5-e83f-da00-9a52-e66d12db6ff4/mzaf_12100793040073574369.plus.aac.p.m4a,blues guitar
p0622.ogg,Big Bill Broonzy,Blues - Guitar Solo,Juicin' the Blues,https://audio-ssl.itunes.apple.com/itunes-assets/Music/0c/7a/0a/mzm.dfwjxuxg.aac.p.m4a,blues guitar
p0623.ogg,Conan Gray,Heather,Kid Krow,https://audio-ssl.itunes.apple.com/itunes-assets/AudioPreview211/v4/df/b0/08/dfb008d8-bd86-4091-21d5-8216881e3414/mzaf_5288004330582456914.plus.aac.p.m4a,blues guitar
p0624.ogg,The Weeknd & Gesaffelstein,I Was Never There,"My Dear Melancholy,",https://audio-ssl.itunes.apple.com/itunes-assets/AudioPreview221/v4/f5/af/de/f5afde85-49ec-d07a-94b8-561d6fd0695f/mzaf_1634234024178578725.plus.aac.p.m4a,blues guitar
p0625.ogg,Robert Johnson,Cross Road Blues,Blues Guitar - Blues Originals from the Guitar Masters,https://audio-ssl.itunes.apple.com/itunes-assets/Music/v4/f1/7d/1b/f17d1b3f-0e7e-2ce0-6360-6d236d2dbad7/mzaf_8960504675820419673.plus.aac.p.m4a,blues guitar
p0626.ogg,Radiohead,No Surprises,OK Computer,https://audio-ssl.itunes.apple.com/itunes-assets/AudioPreview125/v4/ef/02/b7/ef02b776-f887-f1f0-acfb-e7d9776ba503/mzaf_2515606267255808294.plus.aac.p.m4a,blues guitar
p0627.ogg,Toni Braxton,Spanish Guitar,The Heat,https://audio-ssl.itunes.apple.com/itunes-assets/AudioPreview211/v4/4d/bf/d2/4dbfd29a-58ca-7546-0f6f-00cd005db715/mzaf_3666537830637360618.plus.aac.p.m4a,blues guitar
p0628.ogg,System Of A Down,Aerials,Toxicity,https://audio-ssl.itunes.apple.com/itunes-assets/AudioPreview125/v4/5a/c1/66/5ac1665e-2983-3cf3-c56a-2ea896836199/mzaf_6327916219154846408.plus.aac.p.m4a,blues guitar
p0629.ogg,Cream,Sunshine of Your Love,Disraeli Gears,https://audio-ssl.itunes.apple.com/itunes-assets/AudioPreview221/v4/bd/b3/ed/bdb3edcd-0926-f15b-edc4-088e7f23691d/mzaf_878513476140104520.plus.aac.p.m4a,blues guitar
p0630.ogg,Reverend Gary Davis,Samson & Delilah (If I Had My Way),Blues Guitar,https://audio-ssl.itunes.apple.com/itunes-assets/AudioPreview71/v4/38/d6/39/38d63959-df45-a4ac-616e-a917e8b50eae/mzaf_2095124620301720998.plus.aac.p.m4a,blues guitar
p0631.ogg,Muddy Waters,I Got My Mojo Working,The No.1 Blues Collection - The Very Best Original Blues Rock Classics & Hits from Greatest Classic Blues Guitar Legends,https://audio-ssl.itunes.apple.com/itunes-assets/AudioPreview115/v4/d2/57/66/d2576653-97c5-abc1-62f4-30e8fadc5f05/mzaf_7371257815822884694.plus.aac.p.m4a,blues guitar
p0632.ogg,Bill Withers,Ain't No Sunshine,Just As I Am,https://audio-ssl.itunes.apple.com/itunes-assets/AudioPreview126/v4/c1/97/a5/c197a504-bc13-0709-3f6f-904026c782dd/mzaf_11719507637175591282.plus.aac.p.m4a,blues guitar
p0633.ogg,Tom Walker,Leave a Light On,What a Time To Be Alive,https://audio-ssl.itunes.apple.com/itunes-assets/AudioPreview115/v4/60/83/e2/6083e24b-7544-8b7e-8c9a-2b025db3aae2/mzaf_14656225561272002844.plus.aac.p.m4a,blues guitar
p0634.ogg,Sam Smith,Stay With Me (feat. Mary J. Blige) [Radio Edit],In The Lonely Hour (Drowning Shadows Edition),https://audio-ssl.itunes.apple.com/itunes-assets/AudioPreview211/v4/ef/fc/bd/effcbdc8-51c0-0724-76a3-22a599b775a4/mzaf_2156688924906419366.plus.aac.p.m4a,blues guitar
p0635.ogg,John Lee Hooker,Boom Boom,The No.1 Blues Collection - The Very Best Original Blues Rock Classics & Hits from Greatest Classic Blues Guitar Legends,https://audio-ssl.itunes.apple.com/itunes-assets/AudioPreview115/v4/ba/ac/9d/baac9dbd-562b-a2dc-ac31-8156bc276844/mzaf_7996396059586448035.plus.aac.p.m4a,blues guitar
p0636.ogg,Fleetwood Mac,Go Your Own Way,Greatest Hits,https://audio-ssl.itunes.apple.com/itunes-assets/AudioPreview211/v4/0e/d5/f1/0ed5f18f-f0ac-747a-b408-908f63b74434/mzaf_1501057355473889955.plus.aac.p.m4a,blues guitar
p0637.ogg,Chris Isaak,Wicked Game,Heart Shaped World,https://audio-ssl.itunes.apple.com/itunes-assets/AudioPreview125/v4/d4/f5/6f/d4f56fb1-f9ce-627a-2cc3-5f5b28e96692/mzaf_7197782946271526766.plus.aac.p.m4a,blues guitar
p0638.ogg,Elton John,I'm Still Standing,Too Low For Zero (Bonus Track Version),https://audio-ssl.itunes.apple.com/itunes-assets/AudioPreview211/v4/25/2c/ff/252cff7a-887a-1086-0aed-2f18da51f973/mzaf_15765186317138488450.plus.aac.p.m4a,blues guitar
p0639.ogg,Edward Sharpe & The Magnetic Zeros,Home (2019 Remaster),Up From Below - 10th Anniversary Edition,https://audio-ssl.itunes.apple.com/itunes-assets/AudioPreview221/v4/e1/17/f3/e117f3ec-847a-54a6-dae5-f74e39b8c445/mzaf_6829197949202778314.plus.aac.p.m4a,blues guitar
p0640.ogg,Prince,Guitar,Planet Earth,https://audio-ssl.itunes.apple.com/itunes-assets/AudioPreview115/v4/98/c3/a8/98c3a838-4510-09d3-a408-74f995ba6259/mzaf_9447987327671711023.plus.aac.p.m4a,blues guitar
p0641.ogg,Red Hot Chili Peppers,Under the Bridge,Greatest Hits,https://audio-ssl.itunes.apple.com/itunes-assets/AudioPreview112/v4/55/e9/1b/55e91b23-7df2-9cfe-afc1-d8d1067a2b8d/mzaf_8022269984955302856.plus.aac.p.m4a,blues guitar
p0642.ogg,Seafret,Atlantis,Tell Me It's Real (Expanded Edition),https://audio-ssl.itunes.apple.com/itunes-assets/AudioPreview221/v4/9a/91/2a/9a912ad9-4c42-0b38-1556-d62fb699c637/mzaf_10472095051460959545.plus.aac.p.m4a,blues guitar
p0643.ogg,Frank Ocean,Self Control,Blonde,https://audio-ssl.itunes.apple.com/itunes-assets/AudioPreview221/v4/ba/cc/4d/bacc4dda-b762-0c0a-5ef0-6c2fad1bdb5c/mzaf_8909701195572310967.plus.aac.p.m4a,blues guitar
p0644.ogg,Cigarettes After Sex,Apocalypse,Cigarettes After Sex,https://audio-ssl.itunes.apple.com/itunes-assets/AudioPreview211/v4/b1/43/b0/b143b0ee-863a-8f7c-3c56-a67110ef1591/mzaf_10438092015459317290.plus.aac.p.m4a,blues guitar
p0645.ogg,Sinéad O'Connor,Nothing Compares 2 U,I Do Not Want What I Haven't Got,https://audio-ssl.itunes.apple.com/itunes-assets/AudioPreview112/v4/db/8c/ae/db8cae40-3b74-0406-2f63-8759a8414935/mzaf_12328590676083323672.plus.aac.p.m4a,blues guitar
p0646.ogg,Skip James,Hard Time Killin' Floor Blues,Blues Guitar,https://audio-ssl.itunes.apple.com/itunes-assets/AudioPreview71/v4/26/37/bb/2637bb40-be1d-b0b7-d188-a0d4d4e6fe01/mzaf_8992765706601017245.plus.aac.p.m4a,blues guitar
p0647.ogg,Mississippi John Hurt,Joe Turner Blues,Blues Guitar,https://audio-ssl.itunes.apple.com/itunes-assets/AudioPreview71/v4/e1/ab/fe/e1abfea6-449b-ceae-bb54-4e36e38c4625/mzaf_2171710632067239349.plus.aac.p.m4a,blues guitar
p0648.ogg,Michael Jackson,The Way You Make Me Feel (2012 Remaster),Bad,https://audio-ssl.itunes.apple.com/itunes-assets/AudioPreview211/v4/a3/68/94/a36894b3-41bd-f62b-1e81-64b86b6a3482/mzaf_7732763790434634838.plus.aac.p.m4a,blues guitar
p0649.ogg,Bob Dylan,Like a Rolling Stone,Highway 61 Revisited,https://audio-ssl.itunes.apple.com/itunes-assets/AudioPreview125/v4/0d/07/ce/0d07cef9-c7a5-013c-1414-aa9f9370ebfe/mzaf_10130407559827284152.plus.aac.p.m4a,blues guitar
p0650.ogg,Miley Cyrus,Angels Like You,Plastic Hearts,https://audio-ssl.itunes.apple.com/itunes-assets/AudioPreview221/v4/61/b1/f0/61b1f051-8f39-ef16-48ea-c1f348c1a490/mzaf_6571501437067240474.plus.aac.p.m4a,blues guitar
p0651.ogg,Gracie Abrams,"I miss you, I’m sorry","I miss you, I’m sorry - Single",https://audio-ssl.itunes.apple.com/itunes-assets/AudioPreview221/v4/37/ed/6a/37ed6a4f-166b-54a8-dacc-8c8f1ca49d55/mzaf_16054887253315606206.plus.aac.p.m4a,blues guitar
p0652.ogg,Sade,No Ordinary Love,Love Deluxe,https://audio-ssl.itunes.apple.com/itunes-assets/AudioPreview115/v4/19/75/20/19752027-ba51-6070-4a35-a5401c24fb36/mzaf_5372543545594412279.plus.aac.p.m4a,blues guitar
p0653.ogg,Beyoncé,Naughty Girl,Dangerously in Love,https://audio-ssl.itunes.apple.com/itunes-assets/AudioPreview115/v4/c7/96/d8/c796d83b-0987-97ee-09ca-64b9feabcb12/mzaf_14424922254599295367.plus.aac.p.m4a,blues guitar
p0654.ogg,Lightnin' Hopkins,Every Day About This Time (Instrumental),Blues Guitar,https://audio-ssl.itunes.apple.com/itunes-assets/AudioPreview71/v4/d8/cf/62/d8cf62c3-d8c0-b014-7ae7-808d90654960/mzaf_7213424558005140275.plus.aac.p.m4a,blues guitar
p0655.ogg,Willie Nix,Baker Shop Boogie,Blues Guitar,https://audio-ssl.itunes.apple.com/itunes-assets/AudioPreview71/v4/4c/ec/47/4cec4793-b74f-aae2-7207-3338c5d23e34/mzaf_860930213002556087.plus.aac.p.m4a,blues guitar
p0656.ogg,Homesick James and His Dusters,So Mean to Me,Blues Guitar,https://audio-ssl.itunes.apple.com/itunes-assets/AudioPreview71/v4/ab/3b/26/ab3b26b5-7131-3ddf-a14a-5ccfd0cb67fc/mzaf_5873905494243843101.plus.aac.p.m4a,blues guitar
p0657.ogg,Howlin' Wolf,Mr. Highway Man,Blues Guitar,https://audio-ssl.itunes.apple.com/itunes-assets/AudioPreview71/v4/e1/d3/bd/e1d3bd39-abe0-055e-0a72-726c706db487/mzaf_4401840340557440843.plus.aac.p.m4a,blues guitar
p0658.ogg,U2,I Still Haven't Found What I'm Looking For,The Joshua Tree (30th Anniversary Super Deluxe Edition),https://audio-ssl.itunes.apple.com/itunes-assets/AudioPreview221/v4/52/e9/c8/52e9c8f2-bc0a-45a1-118c-dafabe629c63/mzaf_6690642936878497483.plus.aac.p.m4a,blues guitar
p0659.ogg,Selena Gomez,Back To You,13 Reasons Why (Season 2),https://audio-ssl.itunes.apple.com/itunes-assets/AudioPreview221/v4/58/36/67/58366770-6541-57a3-fa58-8f7ad0b1cb8e/mzaf_11238694758091585166.plus.aac.p.m4a,blues guitar
p0660.ogg,Sababaman,Arc de Triomphe,Jazz & Blues Guitar,https://audio-ssl.itunes.apple.com/itunes-assets/AudioPreview125/v4/fb/91/c3/fb91c309-aac9-054a-9875-897f138127c5/mzaf_17449074938173881978.plus.aac.p.m4a,blues guitar
p0661.ogg,Depeche Mode,Enjoy the Silence,"Violator  The 12"" Singles",https://audio-ssl.itunes.apple.com/itunes-assets/AudioPreview126/v4/2f/ed/58/2fed5854-1c88-31ec-0e98-66b9706dd42d/mzaf_11845437215964282853.plus.aac.p.m4a,blues guitar
p0662.ogg,Michael Bublé,Home,It's Time (Deluxe Version),https://audio-ssl.itunes.apple.com/itunes-assets/AudioPreview221/v4/d9/ad/5c/d9ad5c8a-d6fc-a9f8-a81f-a46a4735b8cb/mzaf_14923988413352627558.plus.aac.p.m4a,blues guitar
p0663.ogg,Benson Boone,Beautiful Things,Fireworks & Rollerblades,https://audio-ssl.itunes.apple.com/itunes-assets/AudioPreview211/v4/81/84/bb/8184bb7a-259a-837c-d804-1031973de6be/mzaf_903724986420794503.plus.aac.p.m4a,blues guitar
p0664.ogg,Eric Clapton,Tears in Heaven,Clapton Chronicles: The Best of Eric Clapton,https://audio-ssl.itunes.apple.com/itunes-assets/AudioPreview112/v4/a0/e2/08/a0e208ff-8461-a92a-214c-1522f4a14668/mzaf_8284815284984037236.plus.aac.p.m4a,blues guitar
p0665.ogg,Grayson Capps,Guitar,Rott 'N' Roll,https://audio-ssl.itunes.apple.com/itunes-assets/AudioPreview115/v4/41/88/8e/41888ed3-32f5-8425-beed-14329f747956/mzaf_4698728743362176199.plus.aac.p.m4a,blues guitar
p0666.ogg,Pink Floyd,The Great Gig In the Sky,The Dark Side of the Moon,https://audio-ssl.itunes.apple.com/itunes-assets/AudioPreview115/v4/64/51/55/645155d0-6975-ccb8-09c4-e12e9c8142d6/mzaf_3811382614414875720.plus.aac.p.m4a,blues guitar
p0667.ogg,Martin Garrix & Bebe Rexha,In the Name of Love,In The Name Of Love - Single,https://audio-ssl.itunes.apple.com/itunes-assets/AudioPreview116/v4/04/5b/65/045b6517-c917-9f02-d559-d01aeceed6be/mzaf_8202124789937422466.plus.aac.p.m4a,blues guitar
p0668.ogg,Earl Hooker,Blue Guitar,Blues Guitar,https://audio-ssl.itunes.apple.com/itunes-assets/AudioPreview71/v4/70/a6/84/70a684b1-827e-47a8-8792-ecc08b4e4b10/mzaf_2710990841509527468.plus.aac.p.m4a,blues guitar
p0669.ogg,Lauryn Hill,Ex-Factor,The Miseducation of Lauryn Hill,https://audio-ssl.itunes.apple.com/itunes-assets/AudioPreview211/v4/4a/b1/4d/4ab14d71-f15b-db05-4419-a83e2762bc8d/mzaf_9017806609491706778.plus.aac.p.m4a,blues guitar
p0670.ogg,Left Hand Frank,Blues Won't Let Me Be,Blues Guitar,https://audio-ssl.itunes.apple.com/itunes-assets/AudioPreview71/v4/b4/b3/f3/b4b3f302-d0a4-b1ad-137b-b5bf2464779c/mzaf_357508550116612506.plus.aac.p.m4a,blues guitar
p0671.ogg,Lonnie Johnson,Let All Maried Women Alone (Remastered),Blues Guitar,https://audio-ssl.itunes.apple.com/itunes-assets/AudioPreview115/v4/f4/0e/01/f40e017a-16f4-53dd-e18c-5faa9912ef91/mzaf_1159094594505623610.plus.aac.p.m4a,blues guitar
p0672.ogg,Joji,Glimpse of Us,SMITHEREENS,https://audio-ssl.itunes.apple.com/itunes-assets/AudioPreview221/v4/0c/53/c2/0c53c240-300a-5ddf-fc86-3a54e1b73a78/mzaf_13555682862214742934.plus.aac.p.m4a,blues guitar
p0673.ogg,Ruth B.,Lost Boy,Safe Haven,https://audio-ssl.itunes.apple.com/itunes-assets/AudioPreview211/v4/99/72/22/9972225e-645f-91ad-897b-1bf1a4b756bc/mzaf_4127425912571095167.plus.aac.p.m4a,blues guitar
p0674.ogg,Derek & The Dominos,Layla,Layla and Other Assorted Love Songs (40th Anniversary Edition),https://audio-ssl.itunes.apple.com/itunes-assets/AudioPreview115/v4/94/e8/01/94e80130-1c56-d474-d742-d5925eb76725/mzaf_4915490710680006786.plus.aac.p.m4a,blues guitar
p0675.ogg,Mac Miller,Come Back to Earth,Swimming,https://audio-ssl.itunes.apple.com/itunes-assets/AudioPreview211/v4/04/bf/10/04bf10ed-0dae-fe63-94bc-eba16a7b8faa/mzaf_4512545557535985538.plus.aac.p.m4a,blues guitar
p0676.ogg,Etta James,At Last,At Last!,https://audio-ssl.itunes.apple.com/itunes-assets/AudioPreview221/v4/67/18/5e/67185ee9-aecc-8dd0-4f7b-a3ecb5a3b4ff/mzaf_7750868242870313549.plus.aac.p.m4a,blues guitar
p0677.ogg,T-Bone Walker,Stormy Monday Blues,The No.1 Blues Collection - The Very Best Original Blues Rock Classics & Hits from Greatest Classic Blues Guitar Legends,https://audio-ssl.itunes.apple.com/itunes-assets/AudioPreview115/v4/42/df/b2/42dfb2da-a44b-938f-94cf-762edd4b4abc/mzaf_13191490480065298512.plus.aac.p.m4a,blues guitar
p0678.ogg,AFalah.,After You Were Gone,Reggae Blues Guitar,https://audio-ssl.itunes.apple.com/itunes-assets/AudioPreview211/v4/56/c9/ed/56c9edbf-6fd1-c7d1-198c-25dc44117f66/mzaf_2626624269767076461.plus.aac.p.m4a,blues guitar
p0679.ogg,Roy Buchanan,John's Blues,Pickin' & Slidin' Blues Guitar,https://audio-ssl.itunes.apple.com/itunes-assets/AudioPreview125/v4/b1/6a/d9/b16ad9da-3a2a-6777-f03e-b60fff697702/mzaf_2720724849836966226.plus.aac.p.m4a,blues guitar
p0680.ogg,Shawn Mendes,There's Nothing Holdin' Me Back,Illuminate,https://audio-ssl.itunes.apple.com/itunes-assets/AudioPreview221/v4/e6/53/c1/e653c188-43d2-a398-0f16-c088275ac593/mzaf_9516607585064838905.plus.aac.p.m4a,blues guitar
p0681.ogg,John Mayer,Slow Dancing in a Burning Room,Continuum,https://audio-ssl.itunes.apple.com/itunes-assets/AudioPreview115/v4/48/21/26/48212621-ac7c-52c9-843c-49539918e568/mzaf_8749467029565637608.plus.aac.p.m4a,blues guitar
p0682.ogg,Mega Backing Tracks,Minor Blues Guitar (Backing Track in A Minor),"Blues, Vol. 1: Blues Backing Jam Track Play Alongs",https://audio-ssl.itunes.apple.com/itunes-assets/AudioPreview125/v4/9f/74/be/9f74be90-edfc-813c-22a8-2a7bb41e5155/mzaf_3785576039891773622.plus.aac.p.m4a,blues guitar
p0683.ogg,Everlast,Soul Music,White Trash Beautiful,https://audio-ssl.itunes.apple.com/itunes-assets/AudioPreview125/v4/d3/1b/1b/d31b1b08-a664-f2c0-bbfb-1e8e93ca2b30/mzaf_414847538764233897.plus.aac.p.m4a,soul music
p0684.ogg,Powfu,i won’t sell my soul,Tomorrow the sun won't rise,https://audio-ssl.itunes.apple.com/itunes-assets/AudioPreview221/v4/83/c8/51/83c8515a-d891-0935-eade-14837f8465ef/mzaf_11492874664560702558.plus.aac.p.m4a,soul music
p0685.ogg,Sleepy Nuts,Relaxing Music for the Soul (Healing Rain Sound),Natural Sounds to Induce Sleep Before Bed: Gentle Sounds That Promote Deep Sleep.,https://audio-ssl.itunes.apple.com/itunes-assets/AudioPreview221/v4/60/a7/4d/60a74d61-8baf-1945-47d1-7554c77094d5/mzaf_1023897091630270934.plus.aac.p.m4a,soul music
p0686.ogg,Alok,They Want Your Soul,Rave The World EP - EP,https://audio-ssl.itunes.apple.com/itunes-assets/AudioPreview211/v4/cf/82/e5/cf82e517-01e0-a765-f9e6-7faff2e3b608/mzaf_4004069022852625593.plus.aac.p.m4a,soul music
p0687.ogg,Steve Lacy,pure colour (feat. Erykah Badu),Oh yeah?,https://audio-ssl.itunes.apple.com/itunes-assets/AudioPreview221/v4/2e/ce/f7/2ecef709-d2fa-dd0d-4d9a-5b0603718825/mzaf_7412228284852642540.plus.aac.p.m4a,soul music
p0688.ogg,Leon Bridges,Light the Way,Happiness Anytime,https://audio-ssl.itunes.apple.com/itunes-assets/AudioPreview211/v4/09/79/b2/0979b234-b764-a4d0-883a-8e9d2b94f475/mzaf_5728610285905947505.plus.aac.p.m4a,soul music
p0689.ogg,Masego,Sounds Like…,Fix Your Face,https://audio-ssl.itunes.apple.com/itunes-assets/AudioPreview221/v4/cb/76/ac/cb76ac54-f97f-6ce2-b88f-53261497e64f/mzaf_12327796153082397266.plus.aac.p.m4a,soul music
p0690.ogg,Masego & Leon Thomas,QVC,Fix Your Face,https://audio-ssl.itunes.apple.com/itunes-assets/AudioPreview221/v4/86/6b/13/866b13a0-2cde-c042-6fc7-e099bcf15b4b/mzaf_14595171288710516263.plus.aac.p.m4a,soul music
p0691.ogg,Masego & Foggieraw,I Know You,Fix Your Face,https://audio-ssl.itunes.apple.com/itunes-assets/AudioPreview221/v4/70/2c/7e/702c7e5a-9906-0bf1-0d6a-bb35afb2567d/mzaf_8464669225260807411.plus.aac.p.m4a,soul music
p0692.ogg,Masego & Buju Banton,Hello,Fix Your Face,https://audio-ssl.itunes.apple.com/itunes-assets/AudioPreview211/v4/2e/db/a5/2edba537-3fd1-59f8-12aa-3e534f62bc32/mzaf_13038244193298017150.plus.aac.p.m4a,soul music
p0693.ogg,DJ Shadow,What Does Your Soul Look Like (Part 2),What Does Your Soul Look Like,https://audio-ssl.itunes.apple.com/itunes-assets/AudioPreview211/v4/3f/d3/b1/3fd3b1cb-decc-cb53-0632-117f8dca0fba/mzaf_7077911623882252738.plus.aac.p.m4a,soul music
p0694.ogg,FM STAR,Soothing Bassline Serenade,Cafe Jazz Piano That Gently Soothes a Weary Soul,https://audio-ssl.itunes.apple.com/itunes-assets/AudioPreview221/v4/d4/05/0a/d4050a57-847f-ab9e-872e-6bfffb10ddcb/mzaf_11708293461026874656.plus.aac.p.m4a,soul music
p0695.ogg,Soul In The Horn & Elle Varner,Wanderer Revised (Pat Lok Homage To SITH),Soul In The Horn (Act 4) [Deluxe Edition REMIXES and BONUSES],https://audio-ssl.itunes.apple.com/itunes-assets/AudioPreview221/v4/99/58/05/995805cb-f1df-b4c8-f236-af2e78a9c1b6/mzaf_1614812112995179885.plus.aac.p.m4a,soul music
p0696.ogg,Watsebha,Soul,Soul - Single,https://audio-ssl.itunes.apple.com/itunes-assets/AudioPreview221/v4/63/82/f1/6382f14c-303f-aee5-0343-3a16ad8110dc/mzaf_15099738591080600336.plus.aac.p.m4a,soul music
p0697.ogg,Syd,My Love,Beard,https://audio-ssl.itunes.apple.com/itunes-assets/AudioPreview211/v4/47/74/c9/4774c943-493d-b523-06ce-c36cd2a7c51f/mzaf_1048925028056298151.plus.aac.p.m4a,soul music
p0698.ogg,Stevie Wonder,I Just Called to Say I Love You (Single Version),The Definitive Collection,https://audio-ssl.itunes.apple.com/itunes-assets/AudioPreview116/v4/ab/fd/e1/abfde1d1-1f85-4917-65d1-71808b2cb769/mzaf_680587464000726324.plus.aac.p.m4a,soul music
p0699.ogg,Beaumont,Soul,Soul - Single,https://audio-ssl.itunes.apple.com/itunes-assets/AudioPreview211/v4/35/f5/bc/35f5bc0e-cf19-3ffb-907a-a0781d2e27de/mzaf_10977735865818429804.plus.aac.p.m4a,soul music
p0700.ogg,TLC,Waterfalls,CrazySexyCool,https://audio-ssl.itunes.apple.com/itunes-assets/AudioPreview211/v4/e9/81/4e/e9814ecd-7282-e0cf-6a19-70ea78117382/mzaf_10928185948311762507.plus.aac.p.m4a,soul music
p0701.ogg,Diana Ross,I'm Coming Out,Diana,https://audio-ssl.itunes.apple.com/itunes-assets/AudioPreview221/v4/7d/58/14/7d581448-d991-5135-bee7-efd9fa12078e/mzaf_14944824030219185576.plus.aac.p.m4a,soul music
p0702.ogg,Bobby Caldwell,What You Won't Do for Love,What You Won't Do for Love,https://audio-ssl.itunes.apple.com/itunes-assets/AudioPreview126/v4/50/7f/fe/507ffebc-a7d3-1920-060b-b9852733eff9/mzaf_5871596581747569332.plus.aac.p.m4a,soul music
p0703.ogg,"Charles Wright & The Watts 103rd Street Rhythm Band, The Watts 103rd Street Rhythm Band & Charles Wright",Express Yourself,Express Yourself: The Best of Charles Wright and the Watts 103rd Street Rhythm Band,https://audio-ssl.itunes.apple.com/itunes-assets/AudioPreview211/v4/61/c7/4d/61c74d53-adba-9e36-1a86-4290b08fdf7e/mzaf_4767311475027136491.plus.aac.p.m4a,soul music
p0704.ogg,Ella Mai,Found,CHANGE - EP,https://audio-ssl.itunes.apple.com/itunes-assets/AudioPreview125/v4/1b/70/0f/1b700f77-6ce9-05bf-c18a-f1c9b3012f8b/mzaf_17755439922923691937.plus.aac.p.m4a,soul music
p0705.ogg,Selah Sue,This World,Selah Sue,https://audio-ssl.itunes.apple.com/itunes-assets/AudioPreview211/v4/c0/78/b9/c078b93b-644c-9b23-d46e-6a5ab391c97a/mzaf_6350606294223340297.plus.aac.p.m4a,soul music
p0706.ogg,Player,Baby Come Back,Player,https://audio-ssl.itunes.apple.com/itunes-assets/AudioPreview115/v4/57/22/1b/57221bb8-00f6-3d7f-2c38-7204e98c1dfb/mzaf_4332271055466605013.plus.aac.p.m4a,soul music
p0707.ogg,Barry White,"You're the First, the Last, My Everything",Can't Get Enough,https://audio-ssl.itunes.apple.com/itunes-assets/AudioPreview126/v4/89/7b/a1/897ba1d9-ae43-2d2f-1341-0c3ca358756a/mzaf_13914409684348447804.plus.aac.p.m4a,soul music
p0708.ogg,Chaka Khan,I'm Every Woman,Chaka,https://audio-ssl.itunes.apple.com/itunes-assets/AudioPreview221/v4/62/36/c8/6236c831-4d40-8970-3e9c-f26311a51833/mzaf_12879118775443171327.plus.aac.p.m4a,soul music
p0709.ogg,"Earth, Wind & Fire",Fantasy,All 'N All,https://audio-ssl.itunes.apple.com/itunes-assets/AudioPreview125/v4/98/59/48/9859486d-e16f-b4df-c612-a4721aeddfef/mzaf_8015935368018045376.plus.aac.p.m4a,soul music
p0710.ogg,The Pointer Sisters,I'm So Excited (1984 Mix),Break Out (1984 Version),https://audio-ssl.itunes.apple.com/itunes-assets/AudioPreview125/v4/e3/8a/80/e38a806d-a4e2-7c85-d7f0-36d640349164/mzaf_15053986029715617188.plus.aac.p.m4a,soul music
p0711.ogg,Lee Brice,Soul,Hey World,https://audio-ssl.itunes.apple.com/itunes-assets/AudioPreview221/v4/ba/11/8c/ba118c41-4a60-1c2a-a403-95af92893828/mzaf_9157416825955766994.plus.aac.p.m4a,soul music
p0712.ogg,Ben E. King,Stand By Me,Don't Play That Song! (Mono),https://audio-ssl.itunes.apple.com/itunes-assets/AudioPreview125/v4/0b/44/78/0b447828-5199-1006-24eb-99c346ff9064/mzaf_11866759173834898488.plus.aac.p.m4a,soul music
p0713.ogg,Janet Jackson,That's the Way Love Goes,Janet.,https://audio-ssl.itunes.apple.com/itunes-assets/AudioPreview115/v4/f3/d5/8e/f3d58e49-749d-4096-cdf2-c703c9786e2a/mzaf_1418215338383304794.plus.aac.p.m4a,soul music
p0714.ogg,Natalie Cole,This Will Be (An Everlasting Love),Inseparable,https://audio-ssl.itunes.apple.com/itunes-assets/AudioPreview221/v4/0f/27/1a/0f271ac5-5c40-1cca-f036-7d5960dfe5db/mzaf_17625942381240911066.plus.aac.p.m4a,soul music
p0715.ogg,The Five Stairsteps,O-o-h Child (Remastered),Stairsteps (Bonus Track Version),https://audio-ssl.itunes.apple.com/itunes-assets/AudioPreview125/v4/f3/fa/a1/f3faa1ff-ac92-a2a0-c73c-39b3082f059c/mzaf_3380522221332250744.plus.aac.p.m4a,soul music
p0716.ogg,Curtis Mayfield,Soul Music,"Give, Get, Take and Have",https://audio-ssl.itunes.apple.com/itunes-assets/AudioPreview115/v4/d8/59/ce/d859ce13-04c5-9a91-cd02-ef704835f6ad/mzaf_16519001253744594948.plus.aac.p.m4a,soul music
p0717.ogg,Bobby Hebb,Sunny,Sunny,https://audio-ssl.itunes.apple.com/itunes-assets/AudioPreview116/v4/6a/7c/77/6a7c773f-9380-eeeb-4a81-67a406fe1e65/mzaf_3131213882824638985.plus.aac.p.m4a,soul music
p0718.ogg,Charles Wright & The Watts 103rd Street Rhythm Band,Express Yourself,Express Yourself,https://audio-ssl.itunes.apple.com/itunes-assets/AudioPreview221/v4/65/32/fe/6532fea9-1685-0801-3f2c-9e617dc9f8af/mzaf_15349276366012218382.plus.aac.p.m4a,soul music
p0719.ogg,The Spinners,I'll Be Around,Spinners,https://audio-ssl.itunes.apple.com/itunes-assets/AudioPreview211/v4/42/49/a0/4249a061-2dff-e614-a606-35f230eecd73/mzaf_302144082033602361.plus.aac.p.m4a,soul music
p0720.ogg,Jimmy Ruffin,What Becomes of the Brokenhearted,Jimmy Ruffin Sings Top Ten,https://audio-ssl.itunes.apple.com/itunes-assets/AudioPreview221/v4/82/09/2c/82092c68-8b4b-e22f-d206-66cedbfb7193/mzaf_9544486566132536561.plus.aac.p.m4a,soul music
p0721.ogg,Tina Turner,What's Love Got to Do with It,Love Songs,https://audio-ssl.itunes.apple.com/itunes-assets/AudioPreview126/v4/94/92/1b/94921b87-1c13-ae72-bba4-663a72a874f2/mzaf_17567891297805242636.plus.aac.p.m4a,soul music
p0722.ogg,Brandy,Have You Ever,Never Say Never,https://audio-ssl.itunes.apple.com/itunes-assets/AudioPreview221/v4/e5/17/2c/e5172c7d-8e13-2cf7-252f-00c2a91f24ee/mzaf_14697937897539675507.plus.aac.p.m4a,soul music
p0723.ogg,Talib Kweli & Madlib,Soul Music (feat. Res),Liberation,https://audio-ssl.itunes.apple.com/itunes-assets/AudioPreview116/v4/4d/52/61/4d52614c-6ed4-0d07-8c89-65cb21c55ec3/mzaf_13777239505195430644.plus.aac.p.m4a,soul music
p0724.ogg,Parliament,Flash Light,Funkentelechy vs. The Placebo Syndrome,https://audio-ssl.itunes.apple.com/itunes-assets/AudioPreview115/v4/e0/4a/0a/e04a0a32-ff73-8bbd-3df5-754335913ca0/mzaf_1261991078664027770.plus.aac.p.m4a,soul music
p0725.ogg,Jean Knight,Mr. Big Stuff,Mr. Big Stuff,https://audio-ssl.itunes.apple.com/itunes-assets/AudioPreview125/v4/ad/68/f1/ad68f143-5cac-db1f-a618-3e27be9b4c8e/mzaf_13241875908513564425.plus.aac.p.m4a,soul music
p0726.ogg,Percy Sledge,When a Man Loves a Woman,The Ultimate Collection: When a Man Loves a Woman,https://audio-ssl.itunes.apple.com/itunes-assets/AudioPreview221/v4/d1/89/51/d18951ad-9fa2-2d71-df34-45fc0bf105c1/mzaf_14564699083184829619.plus.aac.p.m4a,soul music
p0727.ogg,The Isley Brothers,It's Your Thing,It's Our Thing (Expanded Edition),https://audio-ssl.itunes.apple.com/itunes-assets/AudioPreview116/v4/33/60/0c/33600c40-faa0-18f6-783c-48b31cf45054/mzaf_10493751030204245542.plus.aac.p.m4a,soul music
p0728.ogg,David Bowie,Young Americans,Young Americans (2016 Remaster),https://audio-ssl.itunes.apple.com/itunes-assets/AudioPreview125/v4/55/54/6f/55546fed-00e5-958c-6a4a-f85241ab26c2/mzaf_11850948229286846561.plus.aac.p.m4a,soul music
p0729.ogg,Mandragora,Soul Music,Alicia,https://audio-ssl.itunes.apple.com/itunes-assets/AudioPreview116/v4/b7/61/f4/b761f44d-c709-e4aa-cbe4-8f14b36a2994/mzaf_2678779898348599128.plus.aac.p.m4a,soul music
p0730.ogg,Fontella Bass,Rescue Me,Now That I Found a Good Thing,https://audio-ssl.itunes.apple.com/itunes-assets/AudioPreview125/v4/da/75/ff/da75ffaf-2935-3f9e-fcf5-5c1aacaef4aa/mzaf_3691985764870985135.plus.aac.p.m4a,soul music
p0731.ogg,Sly & The Family Stone,Everyday People,Stand! (Deluxe Edition),https://audio-ssl.itunes.apple.com/itunes-assets/AudioPreview126/v4/1a/94/34/1a9434b8-f316-0e74-c738-f2e6763aeb01/mzaf_14122137301743880038.plus.aac.p.m4a,soul music
p0732.ogg,Rick James,Give It to Me Baby,Street Songs,https://audio-ssl.itunes.apple.com/itunes-assets/AudioPreview211/v4/e4/62/a0/e462a063-95d2-92ca-1da7-884065e2c6e2/mzaf_1570778282964835780.plus.aac.p.m4a,soul music
p0733.ogg,Ike & Tina Turner,Proud Mary,Workin' Together,https://audio-ssl.itunes.apple.com/itunes-assets/AudioPreview221/v4/34/da/d5/34dad5f3-47b5-50d9-8e0f-733d660d2bda/mzaf_15330931490279793125.plus.aac.p.m4a,soul music
p0734.ogg,Gladys Knight & The Pips,Midnight Train to Georgia,Imagination (Expanded Edition),https://audio-ssl.itunes.apple.com/itunes-assets/AudioPreview211/v4/a4/b6/de/a4b6dec8-1fe7-7b69-135d-14dcecadccab/mzaf_9133312651957632379.plus.aac.p.m4a,soul music
p0735.ogg,Ray Charles,"Hallelujah, I Love Her So",Ray Charles,https://audio-ssl.itunes.apple.com/itunes-assets/AudioPreview122/v4/ce/5f/c4/ce5fc427-6392-4a12-67f9-35b2678b30e0/mzaf_7828572835217003670.plus.aac.p.m4a,soul music
p0736.ogg,Patrice Rushen,Forget Me Nots,Straight from the Heart,https://audio-ssl.itunes.apple.com/itunes-assets/AudioPreview116/v4/26/79/a6/2679a6b4-0954-2eca-6f9e-03f75071054e/mzaf_9683975964994011479.plus.aac.p.m4a,soul music
p0737.ogg,CeeLo Green,"Merry Christmas, Baby (feat. Rod Stewart & Trombone Shorty)",CeeLo's Magic Moment,https://audio-ssl.itunes.apple.com/itunes-assets/AudioPreview115/v4/4d/3d/b2/4d3db231-96ac-71e3-51a0-214e5794f4ec/mzaf_11531757355825157909.plus.aac.p.m4a,soul music
p0738.ogg,Solomon Burke,Cry to Me (Single Version),The Very Best of Solomon Burke,https://audio-ssl.itunes.apple.com/itunes-assets/AudioPreview122/v4/f4/ca/48/f4ca4804-bc80-65c9-061f-104ec1a8c480/mzaf_1717800696466836645.plus.aac.p.m4a,soul music
p0739.ogg,Aretha Franklin,Chain of Fools,Lady Soul,https://audio-ssl.itunes.apple.com/itunes-assets/AudioPreview112/v4/61/29/8b/61298bc0-999e-24e9-200c-7ec3107727bc/mzaf_4983940811629649823.plus.aac.p.m4a,soul music
p0740.ogg,Jackson 5,Who's Loving You,Diana Ross Presents the Jackson 5,https://audio-ssl.itunes.apple.com/itunes-assets/AudioPreview211/v4/06/c0/20/06c020bc-eb15-92e8-bf10-12c5da61c646/mzaf_1654292408811033425.plus.aac.p.m4a,soul music
p0741.ogg,"Grover Washington, Jr.",Just the Two of Us (feat. Bill Withers),Love Songs,https://audio-ssl.itunes.apple.com/itunes-assets/AudioPreview211/v4/a2/87/e8/a287e81a-65b9-b6fe-e93f-6ade694a479b/mzaf_4068924294170598814.plus.aac.p.m4a,soul music
p0742.ogg,"Bobby ""Blue"" Bland",Ain't No Love In the Heart of the City,Dreamer,https://audio-ssl.itunes.apple.com/itunes-assets/AudioPreview115/v4/c4/89/a3/c489a38a-5698-50c2-55b7-d8caa674d6f2/mzaf_8662904092809532350.plus.aac.p.m4a,soul music
p0743.ogg,Vick Allen,Soul Music,Soul Music,https://audio-ssl.itunes.apple.com/itunes-assets/AudioPreview116/v4/bb/28/52/bb285244-982e-ef30-2917-288cff62cf03/mzaf_5870772540313844206.plus.aac.p.m4a,soul music
p0744.ogg,Andrew Gold,Thank You for Being a Friend,All This and Heaven Too,https://audio-ssl.itunes.apple.com/itunes-assets/AudioPreview126/v4/88/fb/f8/88fbf85b-8afd-3a13-a703-366e20821af3/mzaf_15751607839134400677.plus.aac.p.m4a,soul music
p0745.ogg,Prince & The Revolution,I Would Die 4 U,Purple Rain,https://audio-ssl.itunes.apple.com/itunes-assets/AudioPreview211/v4/e6/2e/07/e62e0703-1013-e827-6e5e-31f0618b5376/mzaf_14926281505661522486.plus.aac.p.m4a,soul music
p0746.ogg,Minnie Riperton,Lovin' You,Perfect Angel,https://audio-ssl.itunes.apple.com/itunes-assets/AudioPreview221/v4/c9/60/aa/c960aa6a-7662-c92f-201e-49e757fb6e9f/mzaf_2892936359639711519.plus.aac.p.m4a,soul music
p0747.ogg,Rufus,Tell Me Something Good (feat. Chaka Khan),Rags to Rufus,https://audio-ssl.itunes.apple.com/itunes-assets/AudioPreview211/v4/29/5a/32/295a323d-1d78-6027-b18e-fcbc907e18e0/mzaf_7580481651967190516.plus.aac.p.m4a,soul music
p0748.ogg,Bobby Womack,Across 110th Street,The Best of Bobby Womack - The Soul Years,https://audio-ssl.itunes.apple.com/itunes-assets/AudioPreview125/v4/6b/70/34/6b7034f1-26c4-dd55-8571-7ad2accd3c07/mzaf_17285777136216868182.plus.aac.p.m4a,soul music
p0749.ogg,SWV,Right Here (Human Nature Radio Mix),It's About Time,https://audio-ssl.itunes.apple.com/itunes-assets/AudioPreview125/v4/f5/e0/c5/f5e0c559-7d04-2ef4-1ee3-26c1b05af37d/mzaf_8460383901223954909.plus.aac.p.m4a,soul music
p0750.ogg,Randy Crawford,One Day I'll Fly Away,Now We May Begin,https://audio-ssl.itunes.apple.com/itunes-assets/AudioPreview211/v4/d9/e9/6a/d9e96a63-68c6-664c-2426-69f3a4531e0d/mzaf_8064964245401502856.plus.aac.p.m4a,soul music
p0751.ogg,Wilson Pickett,In the Midnight Hour,In the Midnight Hour,https://audio-ssl.itunes.apple.com/itunes-assets/AudioPreview122/v4/35/70/77/35707720-43c8-c27b-8f2f-de6627cf04da/mzaf_10083543771837796168.plus.aac.p.m4a,soul music
p0752.ogg,Nina Simone,I Wish I Knew How It Would Feel to Be Free,Silk & Soul,https://audio-ssl.itunes.apple.com/itunes-assets/AudioPreview126/v4/82/23/75/82237518-5dec-9f9a-256a-2a67b7ae7ef8/mzaf_18293439195896033529.plus.aac.p.m4a,soul music
p0753.ogg,Anita Baker,Caught Up in the Rapture,Rapture,https://audio-ssl.itunes.apple.com/itunes-assets/AudioPreview115/v4/98/ee/19/98ee1962-2d75-4422-c59a-4a6d05ac2f8b/mzaf_3017451027706016376.plus.aac.p.m4a,soul music
p0754.ogg,D'Angelo,Untitled (How Does It Feel),Voodoo,https://audio-ssl.itunes.apple.com/itunes-assets/AudioPreview211/v4/7b/cf/73/7bcf7371-4602-7fc5-1abb-271ad12793cd/mzaf_14567856399701536994.plus.aac.p.m4a,soul music
p0755.ogg,The Brothers Johnson,Stomp!,Light Up The Night,https://audio-ssl.itunes.apple.com/itunes-assets/AudioPreview116/v4/8b/e6/06/8be606a4-b9bc-c1d2-6de7-aa6266a3b7f0/mzaf_7199344209018631814.plus.aac.p.m4a,soul music
p0756.ogg,Timmy Thomas,Why Can't We Live Together,Why Can't We Live Together,https://audio-ssl.itunes.apple.com/itunes-assets/AudioPreview122/v4/a6/f4/f3/a6f4f305-2963-b629-cb3b-e3c7312f88c9/mzaf_3882113170902093445.plus.aac.p.m4a,soul music
p0757.ogg,The Commodores,Nightshift,Nightshift,https://audio-ssl.itunes.apple.com/itunes-assets/AudioPreview125/v4/57/73/fb/5773fbf4-9e71-61aa-2fab-5cc5968b1eff/mzaf_12508847688126356822.plus.aac.p.m4a,soul music
p0758.ogg,James Brown & The Famous Flames,"It's a Man's, Man's, Man's World",It's a Man's Man's Man's World,https://audio-ssl.itunes.apple.com/itunes-assets/AudioPreview116/v4/4a/48/d3/4a48d3b9-8553-22f1-8925-e2e742a62f39/mzaf_6268748107298004654.plus.aac.p.m4a,soul music
p0759.ogg,Thelma Houston,Don't Leave Me This Way,Any Way You Like It,https://audio-ssl.itunes.apple.com/itunes-assets/AudioPreview125/v4/2a/6a/71/2a6a716c-2730-a0be-205f-e88fd84be184/mzaf_2878911193192590072.plus.aac.p.m4a,soul music
p0760.ogg,John Legend & The Roots,Wake Up Everybody (feat. Common & Melanie Fiona),Wake Up!,https://audio-ssl.itunes.apple.com/itunes-assets/AudioPreview125/v4/71/b3/df/71b3dfe2-bbad-f037-da69-0896dea7ed87/mzaf_5589075724565778019.plus.aac.p.m4a,soul music
p0761.ogg,Cassper Nyovest,Soul,Soul - Single,https://audio-ssl.itunes.apple.com/itunes-assets/AudioPreview126/v4/aa/15/ac/aa15ac2e-1296-4006-4107-410d43d672a1/mzaf_8343426620368968270.plus.aac.p.m4a,soul music
p0762.ogg,Tom Misch,It Runs Through Me (feat. De La Soul),Geography,https://audio-ssl.itunes.apple.com/itunes-assets/AudioPreview211/v4/ad/18/15/ad181554-bfea-3486-cf98-2a61fd136770/mzaf_1586530420564336577.plus.aac.p.m4a,soul music
p0763.ogg,Otis Redding,I've Been Loving You Too Long,Otis Blue/Otis Redding Sings Soul (Collector's Edition),https://audio-ssl.itunes.apple.com/itunes-assets/AudioPreview112/v4/9e/23/9b/9e239bf3-7f0d-427d-320a-a9e4161fc729/mzaf_13927852051387693425.plus.aac.p.m4a,soul music
p0764.ogg,John Legend,Overload (feat. Miguel),Darkness and Light,https://audio-ssl.itunes.apple.com/itunes-assets/AudioPreview125/v4/87/ee/41/87ee412a-bec6-8540-0eb7-ee26de15bec3/mzaf_13141977791023321173.plus.aac.p.m4a,soul music
p0765.ogg,Donny Hathaway,This Christmas,Donny Hathaway,https://audio-ssl.itunes.apple.com/itunes-assets/AudioPreview221/v4/25/ca/a8/25caa88e-5c9b-6302-01cd-6a2faa892f37/mzaf_3953606367601610134.plus.aac.p.m4a,soul music
p0766.ogg,KAYTRANADA,Oh No (feat. Estelle),BUBBA,https://audio-ssl.itunes.apple.com/itunes-assets/AudioPreview125/v4/87/39/cb/8739cb9f-21d4-40ef-9649-99e367bd1fce/mzaf_12070325515677582.plus.aac.p.m4a,soul music
p0767.ogg,Roy Ayers,Funk in the Hole,Virgin Ubiquity II,https://audio-ssl.itunes.apple.com/itunes-assets/AudioPreview116/v4/d1/d3/27/d1d3279e-8d60-8d1b-9859-635872eb412b/mzaf_5017460773116306130.plus.aac.p.m4a,funk music
p0768.ogg,Martin Garrix & Julian Jordan,Funk,Sentio,https://audio-ssl.itunes.apple.com/itunes-assets/AudioPreview211/v4/20/4b/c9/204bc92d-439d-2ee2-d2f6-542d2f957d5f/mzaf_4251612883695281143.plus.aac.p.m4a,funk music
p0769.ogg,Meghan Trainor,Funk,TREAT MYSELF,https://audio-ssl.itunes.apple.com/itunes-assets/AudioPreview125/v4/bf/4b/ea/bf4beaac-e7a1-ae2f-b9c5-484b68233d31/mzaf_14877538827737027834.plus.aac.p.m4a,funk music
p0770.ogg,Groove Messengers,Funk (Back Home Remix),Funk (Back Home Remix) - Single,https://audio-ssl.itunes.apple.com/itunes-assets/AudioPreview125/v4/39/a6/fe/39a6fe45-99da-5e74-9d58-4081f16fbc6f/mzaf_8977461468177633937.plus.aac.p.m4a,funk music
p0771.ogg,The Meters,Cissy Strut,The Meters,https://audio-ssl.itunes.apple.com/itunes-assets/AudioPreview211/v4/7e/f6/26/7ef626be-79a4-fc68-928a-3da249ed062e/mzaf_16705754565630302660.plus.aac.p.m4a,funk music
p0772.ogg,Cameo,Word Up!,Word Up!,https://audio-ssl.itunes.apple.com/itunes-assets/AudioPreview221/v4/19/ca/b6/19cab653-8ac1-a2ed-43af-bf034098dbb8/mzaf_3871526291006554739.plus.aac.p.m4a,funk music
p0773.ogg,Kool & The Gang,Jungle Boogie,Wild and Peaceful,https://audio-ssl.itunes.apple.com/itunes-assets/AudioPreview211/v4/2e/26/1f/2e261fe5-23dc-b67b-4925-718b9468fffd/mzaf_14807633687912235924.plus.aac.p.m4a,funk music
p0774.ogg,James Brown,The Boss (feat. The J.B.'s),Black Caesar,https://audio-ssl.itunes.apple.com/itunes-assets/AudioPreview211/v4/df/0e/79/df0e7983-eab9-f7d1-1633-c2027f1ca963/mzaf_7533030481852051762.plus.aac.p.m4a,funk music
p0775.ogg,Maceo & The Macks,Soul Power 74,"James Brown's Funky People, Pt. 2",https://audio-ssl.itunes.apple.com/itunes-assets/AudioPreview116/v4/4d/3c/3a/4d3c3a9c-a588-9cd0-fbbd-80baa243b4ee/mzaf_4838466850585696958.plus.aac.p.m4a,funk music
p0776.ogg,Daft Punk,Da Funk,Homework,https://audio-ssl.itunes.apple.com/itunes-assets/AudioPreview126/v4/fe/e7/7e/fee77e8a-cf60-9a8c-13c7-cda7d55841b9/mzaf_404691638546000822.plus.aac.p.m4a,funk music
p0777.ogg,Dave Angel,Funk Music,Globetrotting,https://audio-ssl.itunes.apple.com/itunes-assets/AudioPreview128/v4/a5/ca/54/a5ca546f-34d9-4cad-fad0-d53a90e72649/mzaf_9025577060063606722.plus.aac.p.m4a,funk music
p0778.ogg,The Gap Band,You Dropped a Bomb on Me,Gap Gold - Best of the Gap Band,https://audio-ssl.itunes.apple.com/itunes-assets/AudioPreview211/v4/62/f9/7c/62f97c05-707a-aeb3-c15b-6128fd2fa2a6/mzaf_5227781985664277161.plus.aac.p.m4a,funk music
p0779.ogg,Dazz Band,Let It Whip,Keep It Live (Expanded Edition),https://audio-ssl.itunes.apple.com/itunes-assets/AudioPreview115/v4/33/14/e2/3314e27e-ba30-6320-50f8-d0365d1c5640/mzaf_3388081449004983841.plus.aac.p.m4a,funk music
p0780.ogg,Dr. John,Right Place Wrong Time,In the Right Place,https://audio-ssl.itunes.apple.com/itunes-assets/AudioPreview126/v4/a3/ae/8e/a3ae8e22-da1e-6b5d-e0ef-f0f9b6773a1f/mzaf_14229638020514304398.plus.aac.p.m4a,funk music
p0781.ogg,Prince & The New Power Generation,Cream (Without Rap Monologue),Diamonds and Pearls,https://audio-ssl.itunes.apple.com/itunes-assets/AudioPreview115/v4/ae/10/c5/ae10c5e7-a467-517f-5542-c59616b48bc3/mzaf_16735852663622400476.plus.aac.p.m4a,funk music
p0782.ogg,Mark Ronson,Uptown Funk (feat. Bruno Mars),Uptown Special,https://audio-ssl.itunes.apple.com/itunes-assets/AudioPreview126/v4/62/e1/98/62e19826-cd13-6eff-390e-dbca502bb7b5/mzaf_8006535252627949661.plus.aac.p.m4a,funk music
p0783.ogg,Ohio Players,Fire,Fire,https://audio-ssl.itunes.apple.com/itunes-assets/AudioPreview115/v4/61/a9/28/61a928a5-3dd1-e732-2cbb-cd9ad4dbe1e5/mzaf_548721575164062613.plus.aac.p.m4a,funk music
p0784.ogg,D’Angelo and The Vanguard,Ain't That Easy,Black Messiah,https://audio-ssl.itunes.apple.com/itunes-assets/AudioPreview125/v4/83/a6/5a/83a65ab2-de78-fd66-16ed-3733f890df57/mzaf_4219657842853537787.plus.aac.p.m4a,funk music
p0785.ogg,The S.O.S. Band,Just Be Good to Me,On the Rise,https://audio-ssl.itunes.apple.com/itunes-assets/AudioPreview221/v4/33/22/2d/33222dd2-f58f-e5bb-f967-a417a81422ec/mzaf_3573554580305738086.plus.aac.p.m4a,funk music
p0786.ogg,Etienne de Crécy & The Bloody Beetroots,Funk (The Bloody Beetroots Remix),Best of …Remixes,https://audio-ssl.itunes.apple.com/itunes-assets/AudioPreview115/v4/da/ff/01/daff01fb-3fcb-c01a-dc62-e09768a0b454/mzaf_4949890576683630246.plus.aac.p.m4a,funk music
p0787.ogg,Faith Evans,Soon as I Get Home,Faith,https://audio-ssl.itunes.apple.com/itunes-assets/AudioPreview221/v4/49/c7/b2/49c7b24e-313d-ad9e-78c0-7c3b2147e394/mzaf_1672739026967363911.plus.aac.p.m4a,funk music
p0788.ogg,The J.B.'s,Pass the Peas (Single Version),"The Singles, Vol. 8: 1972-1973",https://audio-ssl.itunes.apple.com/itunes-assets/AudioPreview221/v4/ab/7d/fb/ab7dfbb6-f05e-33b5-5707-f28e42beb2be/mzaf_12726560856812993598.plus.aac.p.m4a,funk music
p0789.ogg,Bobby Hutcherson,Goin' Down South,San Francisco,https://audio-ssl.itunes.apple.com/itunes-assets/AudioPreview221/v4/0a/c4/6b/0ac46be2-36ee-4aab-0040-408f01d30882/mzaf_9945604221149528733.plus.aac.p.m4a,funk music
p0790.ogg,Allen Toussaint,Goin' Down,"Life, Love and Faith",https://audio-ssl.itunes.apple.com/itunes-assets/AudioPreview126/v4/c6/50/e3/c650e3ff-d068-9451-9ba3-05d9d92fe473/mzaf_15741106159205146602.plus.aac.p.m4a,funk music
p0791.ogg,Heatwave,The Groove Line,Central Heating,https://audio-ssl.itunes.apple.com/itunes-assets/AudioPreview125/v4/a8/fb/6d/a8fb6d47-c403-d41d-167a-55f73240cd9e/mzaf_6639240395929139872.plus.aac.p.m4a,funk music
p0792.ogg,Incredible Bongo Band,Apache,Bongo Rock,https://audio-ssl.itunes.apple.com/itunes-assets/AudioPreview115/v4/b7/eb/6d/b7eb6d8e-2a50-77d4-5895-bd861efd1d65/mzaf_3093855463550309446.plus.aac.p.m4a,funk music
p0793.ogg,Tower Of Power,What Is Hip?,Tower of Power,https://audio-ssl.itunes.apple.com/itunes-assets/AudioPreview211/v4/4e/cc/7b/4ecc7b64-3606-1044-b0b5-9ed5e0e468c4/mzaf_14188137659981225645.plus.aac.p.m4a,funk music
p0794.ogg,B.T. Express,Do It ('Til You're Satisfied),Do It ('Til You're Satisfied),https://audio-ssl.itunes.apple.com/itunes-assets/AudioPreview115/v4/05/b7/76/05b77657-0044-7972-e7a2-9c9a64d386dc/mzaf_2324708205133716286.plus.aac.p.m4a,funk music
p0795.ogg,Harold Melvin & The Blue Notes,Don't Leave Me This Way (feat. Teddy Pendergrass),Wake Up Everybody (feat. Teddy Pendergrass),https://audio-ssl.itunes.apple.com/itunes-assets/AudioPreview126/v4/06/36/5a/06365a82-ddaa-378e-a6e9-7f19ffd0edec/mzaf_3488026736854516634.plus.aac.p.m4a,funk music
p0796.ogg,Herbie Hancock,Rockit,Future Shock,https://audio-ssl.itunes.apple.com/itunes-assets/AudioPreview115/v4/f1/e9/27/f1e92706-8870-19ac-7cd5-243eab93c22c/mzaf_17116696161517541890.plus.aac.p.m4a,funk music
p0797.ogg,Teena Marie,I Need Your Lovin',Irons In the Fire (Expanded Version),https://audio-ssl.itunes.apple.com/itunes-assets/AudioPreview125/v4/fe/de/24/fede246d-3761-e99f-ff2f-cdb3065e7d48/mzaf_9633230600031501116.plus.aac.p.m4a,funk music
p0798.ogg,War,Low Rider,21 Grams (Original Motion Picture Soundtrack),https://audio-ssl.itunes.apple.com/itunes-assets/AudioPreview115/v4/8e/73/64/8e736435-3a84-3819-bb6e-4a8cef33eca7/mzaf_3887147269081179271.plus.aac.p.m4a,funk music
p0799.ogg,Ashford & Simpson,Solid,Solid (Expanded Edition),https://audio-ssl.itunes.apple.com/itunes-assets/AudioPreview125/v4/08/bc/7c/08bc7c0a-d9ef-259f-6df5-52cf1a2c9bea/mzaf_9512390075862069017.plus.aac.p.m4a,funk music
p0800.ogg,Marvin Gaye,"Got to Give It Up, Pt. 1",Every Great Motown Hit of Marvin Gaye,https://audio-ssl.itunes.apple.com/itunes-assets/AudioPreview221/v4/69/7b/b6/697bb6bc-ee06-c73a-76e3-c432e25deca0/mzaf_15831194158805180277.plus.aac.p.m4a,funk music
p0801.ogg,Betty Davis,They Say I'm Different,They Say I'm Different,https://audio-ssl.itunes.apple.com/itunes-assets/AudioPreview221/v4/a2/b0/63/a2b063f3-f3e1-7123-71ee-7061df99853a/mzaf_14596169216541042011.plus.aac.p.m4a,funk music
p0802.ogg,René & Angela,I'll Be Good,Street Called Desire (Expanded Edition),https://audio-ssl.itunes.apple.com/itunes-assets/AudioPreview125/v4/9f/48/5d/9f485d4f-a5c9-7372-30c8-50d226ba4487/mzaf_15398483543503135368.plus.aac.p.m4a,funk music
p0803.ogg,The O'Jays,Use Ta Be My Girl,So Full of Love,https://audio-ssl.itunes.apple.com/itunes-assets/AudioPreview115/v4/19/5f/72/195f7210-73fe-b4de-d58c-b532fa94aa0c/mzaf_7156808181440314620.plus.aac.p.m4a,funk music
p0804.ogg,Lyn Collins,Think (About It),Think (About It),https://audio-ssl.itunes.apple.com/itunes-assets/AudioPreview125/v4/60/02/66/6002664d-790c-ff65-528d-337c7eb809a1/mzaf_6784195114709033797.plus.aac.p.m4a,funk music
p0805.ogg,Robert Glasper Experiment,Black Radio (feat. Yasiin Bey),Black Radio,https://audio-ssl.itunes.apple.com/itunes-assets/AudioPreview221/v4/06/bf/69/06bf694e-993e-486e-a1fb-e9d8f80c5008/mzaf_1461948882128591106.plus.aac.p.m4a,funk music
p0806.ogg,Mary J. Blige,Not Gon' Cry,Share My World,https://audio-ssl.itunes.apple.com/itunes-assets/AudioPreview211/v4/b1/5a/46/b15a46fd-733f-9082-4626-5ab70d1b2a56/mzaf_17608336460011620142.plus.aac.p.m4a,funk music
p0807.ogg,Zapp,Computer Love,The New Zapp IV U,https://audio-ssl.itunes.apple.com/itunes-assets/AudioPreview122/v4/78/3d/c7/783dc77c-237f-f93b-0231-0b84b686b5f4/mzaf_2365641221347798744.plus.aac.p.m4a,funk music
p0808.ogg,Kraftwerk,The Robots,The Man-Machine (Remastered),https://audio-ssl.itunes.apple.com/itunes-assets/AudioPreview125/v4/97/3e/de/973ede88-c36b-df18-6793-7fb667a97241/mzaf_10791339647012627216.plus.aac.p.m4a,funk music
p0809.ogg,The Beginning Of The End,"Funky Nassau, Pt. 1",Funky Nassau,https://audio-ssl.itunes.apple.com/itunes-assets/AudioPreview115/v4/aa/3c/4b/aa3c4bc8-4990-e804-45b3-2420ee6ea349/mzaf_1472065137777812720.plus.aac.p.m4a,funk music
p0810.ogg,Eric Burdon & War,Magic Mountain,Love Is All Around,https://audio-ssl.itunes.apple.com/itunes-assets/AudioPreview125/v4/6a/3b/56/6a3b56fb-97ca-4f42-47bf-081a0a8d3911/mzaf_5833212057266798020.plus.aac.p.m4a,funk music
p0811.ogg,The Bar-Kays,Shake Your Rump to the Funk,Funk Essentials: The Best of the Bar-Kays,https://audio-ssl.itunes.apple.com/itunes-assets/AudioPreview115/v4/6b/a0/fd/6ba0fd0f-5282-cd32-2961-96c151fe1014/mzaf_12311558702560546567.plus.aac.p.m4a,funk music
p0812.ogg,Indeep,Last Night a D.J. Saved My Life,Last Night a D.J. Saved My Life / D.J. Delight,https://audio-ssl.itunes.apple.com/itunes-assets/AudioPreview116/v4/80/1f/e2/801fe20d-cec8-3283-2f06-4e3130a223ce/mzaf_10791049089198146124.plus.aac.p.m4a,funk music
p0813.ogg,George Duke,Dukey Stick (Part One),Don't Let Go (Expanded Edition),https://audio-ssl.itunes.apple.com/itunes-assets/AudioPreview125/v4/3d/81/8a/3d818af4-c956-b76d-b057-4aae6c43b28a/mzaf_6779717020020332252.plus.aac.p.m4a,funk music
p0814.ogg,MC L da Vinte & MC Gury,Parado no Bailão (feat. MC Gury),Parado no Bailão (feat. MC Gury) - Single,https://audio-ssl.itunes.apple.com/itunes-assets/AudioPreview115/v4/29/1e/74/291e74fc-c4cd-3047-1a41-1f8490ae6157/mzaf_5000268452660480769.plus.aac.p.m4a,funk music
p0815.ogg,The Time,Jungle Love,Ice Cream Castle,https://audio-ssl.itunes.apple.com/itunes-assets/AudioPreview122/v4/12/3f/88/123f880c-adb6-9d3a-3614-0567c4263a5e/mzaf_17348453490857202553.plus.aac.p.m4a,funk music
p0816.ogg,Altın Gün,Halkalı Şeker,On,https://audio-ssl.itunes.apple.com/itunes-assets/AudioPreview115/v4/49/9d/f1/499df103-bdf4-0d3a-120b-123ee13ae7c2/mzaf_8642405974183695792.plus.aac.p.m4a,funk music
p0817.ogg,The Atomic Fireballs,Man With the Hex,Torch This Place,https://audio-ssl.itunes.apple.com/itunes-assets/AudioPreview125/v4/7c/7e/2d/7c7e2d2a-555c-a166-4a10-e5689b21f420/mzaf_2884313774735964861.plus.aac.p.m4a,funk music
p0818.ogg,Slave,Stellar Fungk,The Concept,https://audio-ssl.itunes.apple.com/itunes-assets/AudioPreview112/v4/d2/c0/28/d2c0282c-69b9-031e-5ace-ec0bde42282c/mzaf_13086011640951665814.plus.aac.p.m4a,funk music
p0819.ogg,Brick,Dazz (Dazz Disco Mix),Good High (Expanded Edition),https://audio-ssl.itunes.apple.com/itunes-assets/AudioPreview115/v4/e7/01/25/e7012525-2b2d-ba2b-ed09-06907c30f146/mzaf_8044604103136702222.plus.aac.p.m4a,funk music
p0820.ogg,Otis Redding & Carla Thomas,Tramp,King & Queen,https://audio-ssl.itunes.apple.com/itunes-assets/AudioPreview112/v4/17/95/e0/1795e046-38fd-c10b-7af0-7af6421c0d35/mzaf_15995750152030788911.plus.aac.p.m4a,funk music
p0821.ogg,Mongo Santamaria,Watermelon Man,Watermelon Man,https://audio-ssl.itunes.apple.com/itunes-assets/AudioPreview125/v4/95/be/2b/95be2b81-18e7-dbfd-091d-0501e9395c62/mzaf_12924423185790816996.plus.aac.p.m4a,funk music
p0822.ogg,DeBarge,All This Love,All This Love,https://audio-ssl.itunes.apple.com/itunes-assets/AudioPreview221/v4/9c/c2/d3/9cc2d3e3-3b0c-53d2-1b82-98728a98405e/mzaf_11399323176552991108.plus.aac.p.m4a,funk music
p0823.ogg,Marvin Gaye & Tammi Terrell,Ain't No Mountain High Enough,United,https://audio-ssl.itunes.apple.com/itunes-assets/AudioPreview211/v4/81/67/32/81673294-d60a-5538-3373-0d20e661d606/mzaf_14870705510932042101.plus.aac.p.m4a,funk music
p0824.ogg,L.T.D.,(Every Time I Turn Around) Back In Love Again (Remastered),Something To Love (Remastered),https://audio-ssl.itunes.apple.com/itunes-assets/AudioPreview125/v4/5c/26/23/5c26237a-307c-73cc-1bfb-cafdf0b0ce25/mzaf_13242510987444164959.plus.aac.p.m4a,funk music
p0825.ogg,Lee Dorsey,Ya Ya,The Essential Lee Dorsey,https://audio-ssl.itunes.apple.com/itunes-assets/AudioPreview126/v4/9f/c4/a9/9fc4a901-4830-f0e8-02b0-72a5cbb6e056/mzaf_14049359998066911619.plus.aac.p.m4a,funk music
p0826.ogg,Fieh,Glu,Cold Water Burning Skin,https://audio-ssl.itunes.apple.com/itunes-assets/AudioPreview125/v4/72/cd/40/72cd40a0-0e9a-8fb4-ecbb-1d5868748814/mzaf_6643398946249834477.plus.aac.p.m4a,funk music
p0827.ogg,Mary Jane Girls,All Night Long,Mary Jane Girls,https://audio-ssl.itunes.apple.com/itunes-assets/AudioPreview125/v4/0c/6a/d5/0c6ad573-c2c0-2981-7064-1228738115c3/mzaf_10822666874598380737.plus.aac.p.m4a,funk music
p0828.ogg,Billy Preston,Outa-Space,I Wrote a Simple Song,https://audio-ssl.itunes.apple.com/itunes-assets/AudioPreview125/v4/bf/51/37/bf513724-3fe1-96ee-3d04-d9b321bf7c6a/mzaf_15943569650970881824.plus.aac.p.m4a,funk music
p0829.ogg,Bootsy Collins,Stretchin' Out (In a Rubber Band),Stretchin' Out In Bootsy's Rubber Band,https://audio-ssl.itunes.apple.com/itunes-assets/AudioPreview122/v4/c3/65/17/c36517c5-7d0d-f7d6-9cb2-f878155843c5/mzaf_9269987315081618674.plus.aac.p.m4a,funk music
p0830.ogg,Graham Central Station,The Jam,Ain't No 'Bout-A-doubt It,https://audio-ssl.itunes.apple.com/itunes-assets/AudioPreview112/v4/68/73/d3/6873d336-b12c-afc6-f353-d53724acd4e7/mzaf_1778348003692890919.plus.aac.p.m4a,funk music
p0831.ogg,Shalamar,Dancing In the Sheets,Footloose (Soundtrack) [15th Anniversary Collectors' Edition],https://audio-ssl.itunes.apple.com/itunes-assets/AudioPreview115/v4/1d/a7/df/1da7df61-ba27-6937-0187-1fb017168521/mzaf_1018455787824132899.plus.aac.p.m4a,funk music
p0832.ogg,Hot Chocolate,You Sexy Thing,Hot Chocolate,https://audio-ssl.itunes.apple.com/itunes-assets/AudioPreview116/v4/10/57/ea/1057ea0b-7328-8c3f-d443-fb8ac91655bd/mzaf_7097302799623348890.plus.aac.p.m4a,funk music
p0833.ogg,Con Funk Shun,Ffun,Secrets,https://audio-ssl.itunes.apple.com/itunes-assets/AudioPreview126/v4/5c/0c/d1/5c0cd126-2db3-0148-a42b-0217e7d4a038/mzaf_7355596591200780281.plus.aac.p.m4a,funk music
p0834.ogg,"Mc Rodolfinho, Mc Don Juan, Djay W & DJ BOY",Roda Gigante (REMIX),Nostalgia Nos 4 Cantos (Remix) - EP,https://audio-ssl.itunes.apple.com/itunes-assets/AudioPreview221/v4/ab/89/2a/ab892abb-e885-7c10-00d8-6774912ac5d5/mzaf_9249287153496534821.plus.aac.p.m4a,funk music
p0835.ogg,Junior,Mama Used to Say (Rerecorded),The Best of Junior: Mama Used to Say (Rerecorded Version),https://audio-ssl.itunes.apple.com/itunes-assets/AudioPreview125/v4/d5/56/f0/d556f019-e24d-d90d-007e-48039d5cbc83/mzaf_7497023961107435251.plus.aac.p.m4a,funk music
p0836.ogg,Kleeer,Tonight,Intimate Connection,https://audio-ssl.itunes.apple.com/itunes-assets/AudioPreview112/v4/b6/4d/33/b64d3313-e6c6-7dd6-8acf-ff901ef7cf20/mzaf_4881079116573024905.plus.aac.p.m4a,funk music
p0837.ogg,Faze-O,Riding High,Riding High,https://audio-ssl.itunes.apple.com/itunes-assets/AudioPreview122/v4/41/80/79/41807996-9e5a-96e6-9150-4359cf4980df/mzaf_8352819894160212421.plus.aac.p.m4a,funk music
p0838.ogg,DR MØB & ZODIVK,Ainsi Bas La Vida Funk,Ainsi Bas La Vida Funk - Single,https://audio-ssl.itunes.apple.com/itunes-assets/AudioPreview211/v4/c6/94/32/c6943208-c3c4-63bb-1d37-0b9e8b777acf/mzaf_17594407413548101159.plus.aac.p.m4a,funk music
p0839.ogg,"Pav Dharia, Fateh & J-Statik",Funk,Funk - Single,https://audio-ssl.itunes.apple.com/itunes-assets/AudioPreview115/v4/e5/a6/d9/e5a6d97a-0da3-858c-80b9-29725b9579d6/mzaf_12336960659542075339.plus.aac.p.m4a,funk music
p0840.ogg,Osibisa,Wango Wango,Heads,https://audio-ssl.itunes.apple.com/itunes-assets/AudioPreview115/v4/00/49/b4/0049b43a-342a-7812-74e5-d3544e1ab228/mzaf_1310388457579747824.plus.aac.p.m4a,funk music
p0841.ogg,Wild Cherry,Play That Funky Music,Wild Cherry,https://audio-ssl.itunes.apple.com/itunes-assets/AudioPreview125/v4/66/01/e5/6601e561-3e23-e70d-f81a-fb2a3278dc29/mzaf_9710716317387366049.plus.aac.p.m4a,funk music
p0842.ogg,MC LOCKED & DJ FAIZOO,FUNK ESMERALDA,FUNK ESMERALDA - EP,https://audio-ssl.itunes.apple.com/itunes-assets/AudioPreview221/v4/c7/61/37/c76137a9-766c-b4ba-313f-67ec89a8bc8f/mzaf_1070750449048334376.plus.aac.p.m4a,funk music
p0843.ogg,Ichiss,Whine in Brazil,Whine in Brazil - Single,https://audio-ssl.itunes.apple.com/itunes-assets/AudioPreview211/v4/54/c3/d5/54c3d5f0-b135-028e-1247-4f21e79807b1/mzaf_784927790166936655.plus.aac.p.m4a,funk music
p0844.ogg,The Emotions,I Don't Wanna Lose Your Love,Flowers (Bonus Track Version),https://audio-ssl.itunes.apple.com/itunes-assets/AudioPreview115/v4/2f/85/d8/2f85d8cf-d1ac-963f-298a-1f06101b4e1b/mzaf_13526610622431205461.plus.aac.p.m4a,funk music
p0845.ogg,Mutiny,Lump,Mutiny On the Mamaship,https://audio-ssl.itunes.apple.com/itunes-assets/AudioPreview115/v4/6b/0b/67/6b0b67b7-d869-3b50-1578-7d3c6d6652f6/mzaf_14807046137743205133.plus.aac.p.m4a,funk music
p0846.ogg,Rage Against the Machine,Renegades of Funk,Renegades,https://audio-ssl.itunes.apple.com/itunes-assets/AudioPreview126/v4/a9/3b/f5/a93bf54e-f3aa-4a75-3700-632bfd1010b0/mzaf_11706810443933061260.plus.aac.p.m4a,funk music
p0847.ogg,Ariis,FUNK DO BOUNCE (Slowed),FUNK DO BOUNCE (Slowed) - Single,https://audio-ssl.itunes.apple.com/itunes-assets/AudioPreview211/v4/78/bb/09/78bb0943-54db-5906-270e-f51b7f4211f3/mzaf_11235458155300568117.plus.aac.p.m4a,funk music
p0848.ogg,Eddie Bo & Inez Cheatham,Lover and a Friend,"The Soul of Capitol Records: Rare & Well-Done, Vol. 1",https://audio-ssl.itunes.apple.com/itunes-assets/AudioPreview125/v4/c8/90/87/c8908771-6180-8400-51f1-fbf2f4b8f4a0/mzaf_3922695867121680721.plus.aac.p.m4a,funk music
p0849.ogg,The B. B. & Q. Band,On the Beat,"The Brooklyn, Bronx & Queens Band",https://audio-ssl.itunes.apple.com/itunes-assets/AudioPreview115/v4/b1/b4/70/b1b470d3-2cd8-a581-0bd4-b41278ca4907/mzaf_16768470145515625698.plus.aac.p.m4a,funk music
p0850.ogg,The Highlighters Band,The Funky 16 Corners,The Funky 16 Corners,https://audio-ssl.itunes.apple.com/itunes-assets/AudioPreview115/v4/f1/b0/50/f1b05077-4183-6507-966d-94d1adb93b8d/mzaf_5250890723552526710.plus.aac.p.m4a,funk music
p0851.ogg,Switch,Best Beat In Town,Switch II,https://audio-ssl.itunes.apple.com/itunes-assets/AudioPreview125/v4/67/3c/aa/673caa2d-2d7f-479d-a3b8-8ad48164f51f/mzaf_1332062619253559766.plus.aac.p.m4a,funk music
p0852.ogg,Luther Vandross,Never Too Much,Never Too Much,https://audio-ssl.itunes.apple.com/itunes-assets/AudioPreview211/v4/ba/dd/48/badd483d-a6be-854c-7885-b39a54921246/mzaf_596205640154743965.plus.aac.p.m4a,funk music
p0853.ogg,Tom Browne,Thighs High (Grip Your Hips and Move),Funkin' for Jamaica,https://audio-ssl.itunes.apple.com/itunes-assets/AudioPreview125/v4/9e/44/29/9e4429d7-8558-1171-8d84-881104c41784/mzaf_7949028321720104617.plus.aac.p.m4a,funk music
p0854.ogg,Fimiani & Fabo,Disco Music,Disco Music - EP,https://audio-ssl.itunes.apple.com/itunes-assets/AudioPreview211/v4/f2/4a/5c/f24a5ce2-3ffb-0902-97a6-09fc96f813bf/mzaf_6254986401721015082.plus.aac.p.m4a,disco music
p0855.ogg,"Fimiani, Fabo & Young Pulse",Disco Music (Young Pulse Remix),Disco Music Remixes - EP,https://audio-ssl.itunes.apple.com/itunes-assets/AudioPreview211/v4/c5/eb/75/c5eb75b7-668e-f0b5-862c-1e05a415baca/mzaf_3996337916619498110.plus.aac.p.m4a,disco music
p0856.ogg,Madonna,Music,Music (Bonus Track Version),https://audio-ssl.itunes.apple.com/itunes-assets/AudioPreview116/v4/da/d4/f7/dad4f77c-04b5-daa5-d16c-a6f5b7ea25a0/mzaf_8925254985925973289.plus.aac.p.m4a,disco music
p0857.ogg,Surf Curse,Disco,Disco - Single,https://audio-ssl.itunes.apple.com/itunes-assets/AudioPreview125/v4/2c/b4/ad/2cb4adc4-025c-9bc6-b847-2450f3d4d243/mzaf_7140086730849724916.plus.aac.p.m4a,disco music
p0858.ogg,Fancy,Flames of Love,Hit Collection,https://audio-ssl.itunes.apple.com/itunes-assets/AudioPreview125/v4/36/8a/1c/368a1ca6-a7f9-52c1-8b9c-711a2a26f18f/mzaf_12891042469807168917.plus.aac.p.m4a,disco music
p0859.ogg,"Lipps, Inc.",Funkytown,Mouth To Mouth,https://audio-ssl.itunes.apple.com/itunes-assets/AudioPreview125/v4/67/51/6d/67516df1-b6d5-e3c5-4dea-f52d35364f27/mzaf_5973847203444224444.plus.aac.p.m4a,disco music
p0860.ogg,ditonellapiaga,Disco (I Love It),Disco (I Love It) - Single,https://audio-ssl.itunes.apple.com/itunes-assets/AudioPreview112/v4/26/41/52/264152cd-1a5d-fa33-f20a-1a8dcd4e514f/mzaf_12060990770269044030.plus.aac.p.m4a,disco music
p0861.ogg,Ryan Paris,Dolce Vita,Italo Golden Classics,https://audio-ssl.itunes.apple.com/itunes-assets/AudioPreview125/v4/6f/09/f7/6f09f7a3-2e6d-cc82-0a85-0b4e4c87e34e/mzaf_2662107983857623638.plus.aac.p.m4a,disco music
p0862.ogg,Sławomir,Miłość w Zakopanem,The Greatest Hits,https://audio-ssl.itunes.apple.com/itunes-assets/AudioPreview125/v4/d7/8f/ae/d78fae8b-a90f-711c-3d2d-8432853c2de8/mzaf_11441841207294696270.plus.aac.p.m4a,disco music
p0863.ogg,Skolim,Temperatura,Temperatura - Single,https://audio-ssl.itunes.apple.com/itunes-assets/AudioPreview116/v4/5d/4b/57/5d4b57a7-4894-05af-8645-7ecf94d242a5/mzaf_17446268200827020301.plus.aac.p.m4a,disco music
p0864.ogg,Boney M.,Rivers of Babylon (2007 Remastered Version),Nightflight to Venus (2007 Remastered Version),https://audio-ssl.itunes.apple.com/itunes-assets/AudioPreview115/v4/18/54/7b/18547bdf-a51f-6d6d-6923-4f22c09f4693/mzaf_15854072044614255787.plus.aac.p.m4a,disco music
p0865.ogg,Chic,Le Freak (2018 Remaster),C'est Chic (2018 Remaster),https://audio-ssl.itunes.apple.com/itunes-assets/AudioPreview211/v4/76/18/dd/7618dd92-b61f-65c7-a1a5-6d08dc7d8b2d/mzaf_10536878235644314919.plus.aac.p.m4a,disco music
p0866.ogg,Łobuzy,Zbuntowany Anioł (Radio Edit),Zbuntowany Anioł (Radio Edit) - Single,https://audio-ssl.itunes.apple.com/itunes-assets/AudioPreview221/v4/75/b2/2e/75b22ec5-303f-4b19-e565-b6b4763dc8d0/mzaf_5260235890203845696.plus.aac.p.m4a,disco music
p0867.ogg,KorgStyle Life,Disco Music - Euro Disco Modern Talking,"Italo Disco Music - Modern Talking Style, Vol. 2 (Euro Disco Dance 80s 90s)",https://audio-ssl.itunes.apple.com/itunes-assets/AudioPreview112/v4/32/81/1c/32811c1d-6bf8-6622-e7c1-ad17e30dffef/mzaf_4807731020545130382.plus.aac.p.m4a,disco music
p0868.ogg,Purple Disco Machine,Bad Company (Edit),Bad Company - Single,https://audio-ssl.itunes.apple.com/itunes-assets/AudioPreview221/v4/36/18/80/3618809a-e0e9-6e10-c399-ea0d93468d0a/mzaf_5008860167420916626.plus.aac.p.m4a,disco music
p0869.ogg,Bee Gees,Night Fever (Serban Mix),Saturday Night Fever (The Original Movie Soundtrack) [Deluxe Edition],https://audio-ssl.itunes.apple.com/itunes-assets/AudioPreview211/v4/a5/88/9f/a5889f8d-12fd-e937-db9f-18f515fd6cdb/mzaf_1258995507187347500.plus.aac.p.m4a,disco music
p0870.ogg,Spinning Music 2.0,Disco Music (Techno Electro Sounds),Getting Stronger - Electro Techno Deep House Dubstep Dance Music to Run Increase Strength and Best Party Ever,https://audio-ssl.itunes.apple.com/itunes-assets/AudioPreview115/v4/e0/93/42/e093427a-e6a5-e51f-2374-ae048839515b/mzaf_4827000789525675838.plus.aac.p.m4a,disco music
p0871.ogg,Anita Ward,Ring My Bell,Ring My Bell,https://audio-ssl.itunes.apple.com/itunes-assets/AudioPreview125/v4/3f/ad/1d/3fad1d7f-059d-34de-cfd9-de5242a9194b/mzaf_7980767585804248478.plus.aac.p.m4a,disco music
p0872.ogg,Sugar Hill,Disco Music,"Kitties Go Deep, Vol. 2",https://audio-ssl.itunes.apple.com/itunes-assets/AudioPreview115/v4/ef/18/f7/ef18f725-4d29-eddc-9712-219769c07577/mzaf_5024435642367793711.plus.aac.p.m4a,disco music
p0873.ogg,Endriu & Maestro,W Klapkach,W Klapkach - Single,https://audio-ssl.itunes.apple.com/itunes-assets/AudioPreview126/v4/4f/02/06/4f020674-1730-5f98-92ed-8cfbd84389a2/mzaf_18379896573899277404.plus.aac.p.m4a,disco music
p0874.ogg,Sister Sledge,He's the Greatest Dancer (1995 Remaster),We Are Family (1995 Remaster),https://audio-ssl.itunes.apple.com/itunes-assets/AudioPreview221/v4/16/03/cc/1603cc23-8feb-69c3-be27-fff6b106a99b/mzaf_1182654104694062104.plus.aac.p.m4a,disco music
p0875.ogg,Dawid S & Popek,Pakistańskie Disco,Pakistańskie Disco - Single,https://audio-ssl.itunes.apple.com/itunes-assets/AudioPreview116/v4/6a/c7/e3/6ac7e37e-2ab2-d23c-ad2c-ff7553bd3d3d/mzaf_16169782878783319756.plus.aac.p.m4a,disco music
p0876.ogg,SOLARSUNS & SVRCINA,Disco,Disco - Single,https://audio-ssl.itunes.apple.com/itunes-assets/AudioPreview211/v4/08/c4/c3/08c4c3be-2043-9108-397a-fa1d8720be80/mzaf_4733584410823847927.plus.aac.p.m4a,disco music
p0877.ogg,Vivat,Oddam ci Wszystko,Oddam ci Wszystko - Single,https://audio-ssl.itunes.apple.com/itunes-assets/AudioPreview125/v4/8c/8f/ec/8c8fec20-85c4-dcf3-e1e6-c3b1ddaf6279/mzaf_3069240038036574881.plus.aac.p.m4a,disco music
p0878.ogg,Prospa,This Rhythm (feat. RAHH),This Rhythm (feat. RAHH) - Single,https://audio-ssl.itunes.apple.com/itunes-assets/AudioPreview211/v4/ce/77/b0/ce77b004-accd-7d65-585c-0bb44ae92a1b/mzaf_17373118115821887961.plus.aac.p.m4a,disco music
p0879.ogg,The Love Unlimited Orchestra,Love's Theme,Rhapsody In White,https://audio-ssl.itunes.apple.com/itunes-assets/AudioPreview221/v4/a8/72/ed/a872edbf-6fcf-7e20-5965-ac68e62880a3/mzaf_1919677183914943431.plus.aac.p.m4a,disco music
p0880.ogg,Akcent,Przekorny Los,Przekorny Los - Single,https://audio-ssl.itunes.apple.com/itunes-assets/AudioPreview115/v4/f4/ac/b3/f4acb3a6-9577-e23a-4e5a-13f62aec9b38/mzaf_5320559823850821700.plus.aac.p.m4a,disco music
p0881.ogg,LF SYSTEM,Afraid To Feel,Afraid To Feel - Single,https://audio-ssl.itunes.apple.com/itunes-assets/AudioPreview221/v4/18/b4/14/18b41476-c956-d3c0-4729-20588fdca4aa/mzaf_2051664411258468805.plus.aac.p.m4a,disco music
p0882.ogg,"Łobuzy, Akcent & Zenon Martyniuk",Mandacik,Mandacik - Single,https://audio-ssl.itunes.apple.com/itunes-assets/AudioPreview211/v4/ab/c0/0e/abc00e34-98ef-fc71-d533-a55911ad7ced/mzaf_10397578293837385230.plus.aac.p.m4a,disco music
p0883.ogg,Radiorama,Chance to Desire,Desires and Vampires (30th Anniversary Edition),https://audio-ssl.itunes.apple.com/itunes-assets/AudioPreview115/v4/cc/e3/f4/cce3f4e9-b3ca-869f-8c1f-f314f490d4d2/mzaf_13749681963519896634.plus.aac.p.m4a,disco music
p0884.ogg,Peaches & Herb,Shake Your Groove Thing,2 Hot!,https://audio-ssl.itunes.apple.com/itunes-assets/AudioPreview221/v4/76/55/e9/7655e96f-f5d8-ecd3-78e8-b1bd65ce6195/mzaf_15552689373421611233.plus.aac.p.m4a,disco music
p0885.ogg,Weekend,Halo tu Londyn,Halo tu Londyn - Single,https://audio-ssl.itunes.apple.com/itunes-assets/AudioPreview221/v4/d0/03/38/d0033846-d84b-9be7-b698-b9daf766912d/mzaf_17149450317530116265.plus.aac.p.m4a,disco music
p0886.ogg,Ivan i Delfin,Jej Czarne Oczy,Czarne Oczy,https://audio-ssl.itunes.apple.com/itunes-assets/AudioPreview126/v4/d1/8a/d9/d18ad9a1-d201-768f-8d1e-1533357f169a/mzaf_14064091527674850189.plus.aac.p.m4a,disco music
p0887.ogg,"MiłyPan, Defis & Topky",JEDEN TANIEC JEDNA NOC,JEDEN TANIEC JEDNA NOC - Single,https://audio-ssl.itunes.apple.com/itunes-assets/AudioPreview112/v4/0c/3c/39/0c3c394d-7bf5-f427-5019-1fe2ffd51b6d/mzaf_14015842707577379404.plus.aac.p.m4a,disco music
p0888.ogg,Long & Junior,Tańcz Tańcz Tańcz,Tańcz Tańcz Tańcz - Single,https://audio-ssl.itunes.apple.com/itunes-assets/AudioPreview115/v4/58/b8/fe/58b8fe15-8b40-7605-8db0-18fe7b56d36e/mzaf_13363026276227626980.plus.aac.p.m4a,disco music
p0889.ogg,Andrea True Connection,"More, More, More","More, More, More",https://audio-ssl.itunes.apple.com/itunes-assets/AudioPreview126/v4/6d/cf/f8/6dcff86c-85e5-88cd-4a52-56f969a475e8/mzaf_6398488034314684327.plus.aac.p.m4a,disco music
p0890.ogg,Piękni I Młodzi & Dawid Narożny,Ona jest taka cudowna,Ona jest taka cudowna - Single,https://audio-ssl.itunes.apple.com/itunes-assets/AudioPreview211/v4/2e/58/9d/2e589dfe-80b8-58bd-2827-32309961c90c/mzaf_13536148243536264949.plus.aac.p.m4a,disco music
p0891.ogg,Czadoman,Ruda tańczy jak szalona,Czadomania,https://audio-ssl.itunes.apple.com/itunes-assets/AudioPreview115/v4/e7/2b/cb/e72bcba1-9fa3-6680-b090-9cb8b2b878da/mzaf_18439651306516185401.plus.aac.p.m4a,disco music
p0892.ogg,MiłyPan,Małolatki,Małolatki - Single,https://audio-ssl.itunes.apple.com/itunes-assets/AudioPreview125/v4/a6/89/b8/a689b8be-1495-ab2c-f81d-5824d65d986b/mzaf_3647532682139436969.plus.aac.p.m4a,disco music
p0893.ogg,Imagination,Just an Illusion,In the Heat of the Night,https://audio-ssl.itunes.apple.com/itunes-assets/AudioPreview115/v4/05/95/76/0595760c-a25b-7865-a7cd-c723c673babc/mzaf_15702742249654738439.plus.aac.p.m4a,disco music
p0894.ogg,"Skolim, Hellfield & Crackhouse",WEJDĘ WYJDĘ (feat. Divix),WEJDĘ WYJDĘ (feat. Divix) - Single,https://audio-ssl.itunes.apple.com/itunes-assets/AudioPreview221/v4/0d/f9/d0/0df9d053-9abf-a580-8090-62e936ae9a27/mzaf_453482962580788536.plus.aac.p.m4a,disco music
p0895.ogg,Purple Disco Machine & Benjamin Ingrosso,Honey Boy (feat. Nile Rodgers & Shenseea),Honey Boy (feat. Nile Rodgers & Shenseea) - Single,https://audio-ssl.itunes.apple.com/itunes-assets/AudioPreview211/v4/ae/75/0e/ae750e5e-4fc9-c6d3-2dd4-fa85a97cd3f7/mzaf_17165766554173130272.plus.aac.p.m4a,disco music
p0896.ogg,sanah,etc. (na disco),etc. (na disco) - Single,https://audio-ssl.itunes.apple.com/itunes-assets/AudioPreview211/v4/a3/d6/a5/a3d6a5e7-bab0-bf96-1586-5825946218f3/mzaf_13858078576373877204.plus.aac.p.m4a,disco music
p0897.ogg,Boys,Najpiękniejsza Dziewczyno,Najpiękniejsza Dziewczyno - Single,https://audio-ssl.itunes.apple.com/itunes-assets/AudioPreview125/v4/30/e9/06/30e906f9-f223-39a0-41f5-2a8447e00960/mzaf_12902721884610999697.plus.aac.p.m4a,disco music
p0898.ogg,Trans-X,Living On Video,Living On Video,https://audio-ssl.itunes.apple.com/itunes-assets/AudioPreview125/v4/d8/ea/e3/d8eae350-05c5-f29f-6018-3060b71f3260/mzaf_4028162470912526108.plus.aac.p.m4a,disco music
p0899.ogg,Lou Rawls,You'll Never Find Another Love Like Mine,All Things In Time,https://audio-ssl.itunes.apple.com/itunes-assets/AudioPreview125/v4/95/1b/af/951bafb9-3245-bb16-c9af-57697c939be4/mzaf_11989831027768235596.plus.aac.p.m4a,disco music
p0900.ogg,Stachursky,Szampan I Truskawki,Szampan I Truskawki - Single,https://audio-ssl.itunes.apple.com/itunes-assets/AudioPreview125/v4/47/28/cd/4728cda7-abe0-de01-6abb-2c9d5de9f7c2/mzaf_16287942668237336578.plus.aac.p.m4a,disco music
p0901.ogg,BBX & Stachursky,Essa (Radio Mix),Essa - Single,https://audio-ssl.itunes.apple.com/itunes-assets/AudioPreview116/v4/a0/72/f3/a072f37a-3101-4b36-489b-1a1aec8fd91c/mzaf_14185307142583192479.plus.aac.p.m4a,disco music
p0902.ogg,Bracia Figo Fagot,Najebany To Do Domu,Disco Polo (Edycja Specjalna),https://audio-ssl.itunes.apple.com/itunes-assets/AudioPreview115/v4/28/a7/4a/28a74a5d-1a0f-d2f8-0d68-ad0b37905681/mzaf_3506389686383312867.plus.aac.p.m4a,disco music
p0903.ogg,Vizza,Bma,Muzyczna Explozja Disco Polo Hitów Vol. 1,https://audio-ssl.itunes.apple.com/itunes-assets/AudioPreview116/v4/b8/5b/96/b85b9687-f871-71bb-a99a-401529b8f115/mzaf_16996014454786656390.plus.aac.p.m4a,disco music
p0904.ogg,Disco Polo,Zycie To Sa Chwile,"Classic Disco Polo, Vol. 3",https://audio-ssl.itunes.apple.com/itunes-assets/AudioPreview115/v4/86/e8/1e/86e81e32-b743-be16-d0ff-5654c78cc401/mzaf_3829563993385630112.plus.aac.p.m4a,disco music
p0905.ogg,Blondie,Heart of Glass (7-Inch Version),Heart of Glass - EP,https://audio-ssl.itunes.apple.com/itunes-assets/AudioPreview115/v4/27/ca/33/27ca334a-650a-f5fe-a848-88fa3295cdcf/mzaf_12729693519288448659.plus.aac.p.m4a,disco music
p0906.ogg,Disco Fala,Zadzwoń do mnie Moje Złoto,Zadzwoń do mnie Moje Złoto - Single,https://audio-ssl.itunes.apple.com/itunes-assets/AudioPreview211/v4/34/30/ba/3430bacb-aef6-23b6-4ad9-f8197f763787/mzaf_594728517348808467.plus.aac.p.m4a,disco music
p0907.ogg,Panic! At the Disco,High Hopes,Pray for the Wicked,https://audio-ssl.itunes.apple.com/itunes-assets/AudioPreview122/v4/1b/68/b1/1b68b142-72f1-9048-def9-2f47ac835675/mzaf_7291874581203092560.plus.aac.p.m4a,disco music
p0908.ogg,Defis,Niespotykany kolor (Radio Edit),Niespotykany kolor (Radio Edit) - Single,https://audio-ssl.itunes.apple.com/itunes-assets/AudioPreview125/v4/d1/16/77/d11677cc-7c70-1450-3ada-e5ac74ae54e5/mzaf_3275566837195321059.plus.aac.p.m4a,disco music
p0909.ogg,Piękni I Młodzi,Niewiara (Radio Edit),Niewiara (Radio Edit) - Single,https://audio-ssl.itunes.apple.com/itunes-assets/AudioPreview211/v4/de/75/bd/de75bd2b-049f-ef4d-949b-d840b577e144/mzaf_15149230660982780411.plus.aac.p.m4a,disco music
p0910.ogg,Playboys,Lejde (Radio Edit),Lejde (Radio Edit) - Single,https://audio-ssl.itunes.apple.com/itunes-assets/AudioPreview115/v4/eb/bf/be/ebbfbe7e-ce6b-c071-dc5d-efb8354ca0d4/mzaf_7413356977839559393.plus.aac.p.m4a,disco music
p0911.ogg,Spiżowi Mocni,Na Pełnym,Na Pełnym - Single,https://audio-ssl.itunes.apple.com/itunes-assets/AudioPreview125/v4/52/ea/d2/52ead2ef-ef31-8344-8d63-30dbe6c493b1/mzaf_3261390354729146608.plus.aac.p.m4a,disco music
p0912.ogg,Sextile,Disco,3 - EP,https://audio-ssl.itunes.apple.com/itunes-assets/AudioPreview126/v4/bb/f8/1f/bbf81f33-7ee5-a4d6-bdb3-79012a633ff2/mzaf_2032673766516982264.plus.aac.p.m4a,disco music
p0913.ogg,Solaris & Disco Polo,Szmaragdy I Diamenty,"Super Przeboje Disco Polo, Vol. 1",https://audio-ssl.itunes.apple.com/itunes-assets/AudioPreview125/v4/fd/c4/0e/fdc40e00-ec6f-c648-549f-d247288eaa9f/mzaf_12493651118948721881.plus.aac.p.m4a,disco music
p0914.ogg,Mig,Lalunia,Lalunia - Single,https://audio-ssl.itunes.apple.com/itunes-assets/AudioPreview221/v4/c1/38/4a/c1384ae8-36e6-ed3f-20bd-7ab65e4f7096/mzaf_5542289036586110188.plus.aac.p.m4a,disco music
p0915.ogg,Jorrgus,Będziesz Moja,Będziesz Moja - Single,https://audio-ssl.itunes.apple.com/itunes-assets/AudioPreview115/v4/88/ae/89/88ae8936-6425-714e-3da7-d8bf4811be13/mzaf_4567195961008160880.plus.aac.p.m4a,disco music
p0916.ogg,Miko Mission,How Old Are You,How Old Are You - Single,https://audio-ssl.itunes.apple.com/itunes-assets/AudioPreview115/v4/e5/41/77/e541775c-55b3-d8d8-61ba-33422a5a29da/mzaf_4569073521311680673.plus.aac.p.m4a,disco music
p0917.ogg,"Brokies, Bajorson, Dajczman & DiscoKarol",Bailando 2 (feat. pirlo444),Bailando 2 (feat. pirlo444) - Single,https://audio-ssl.itunes.apple.com/itunes-assets/AudioPreview211/v4/4a/f2/c3/4af2c387-03af-a75e-7e47-f710682a90f0/mzaf_8291017543186996337.plus.aac.p.m4a,disco music
p0918.ogg,Extazy,Buzi To Za Mało,Z Tą Jedyną,https://audio-ssl.itunes.apple.com/itunes-assets/AudioPreview125/v4/b4/16/da/b416daa2-ee57-f036-d142-d38e00796a32/mzaf_16424518600949510577.plus.aac.p.m4a,disco music
p0919.ogg,Grace Jones,La Vie En Rose,Portfolio,https://audio-ssl.itunes.apple.com/itunes-assets/AudioPreview115/v4/55/b9/0b/55b90ba0-7c2a-4202-9937-98757bb290fc/mzaf_4585816114606717068.plus.aac.p.m4a,disco music
p0920.ogg,Scotch,Disco Band,Disco Band - Single,https://audio-ssl.itunes.apple.com/itunes-assets/AudioPreview115/v4/dd/bf/5e/ddbf5e7e-bf14-4669-f206-348d2d259228/mzaf_10831779470571789403.plus.aac.p.m4a,disco music
p0921.ogg,Patrick Cowley,Do You Wanna Funk? (feat. Sylvester),All I Need,https://audio-ssl.itunes.apple.com/itunes-assets/AudioPreview211/v4/8b/ae/a4/8baea4af-7177-6f2a-f386-e071c9582948/mzaf_12478198592422948342.plus.aac.p.m4a,disco music
p0922.ogg,The Twins,Love System,12 Inch Classics and Rare Tracks,https://audio-ssl.itunes.apple.com/itunes-assets/AudioPreview115/v4/36/bf/6b/36bf6b1c-7e20-7971-39f7-0a601ff48b62/mzaf_16753085967375537598.plus.aac.p.m4a,disco music
p0923.ogg,After Party,Ona lubi pomarańcze (Toca Bass Remix),Ona lubi pomarańcze (Toca Bass Remix) - Single,https://audio-ssl.itunes.apple.com/itunes-assets/AudioPreview211/v4/8b/7d/67/8b7d67df-af2d-ec4e-1381-7babeffa5e7b/mzaf_4060754939503768843.plus.aac.p.m4a,disco music
p0924.ogg,Bayera,Popłyniemy,Popłyniemy - Single,https://audio-ssl.itunes.apple.com/itunes-assets/AudioPreview115/v4/cc/d5/36/ccd5366b-e6b2-0f5e-73b8-a7ea7550d4f2/mzaf_7282375443035497343.plus.aac.p.m4a,disco music
p0925.ogg,Disco Marek & Kruszwil,Zostań Moją Kotką,Zostań Moją Kotką - Single,https://audio-ssl.itunes.apple.com/itunes-assets/AudioPreview115/v4/d6/72/a0/d672a0d8-518f-6d34-366b-2f3da0ab2b38/mzaf_5201517526580698320.plus.aac.p.m4a,disco music
p0926.ogg,Masters,Żono Moja (Radio Edit),Żono moja (Radio Edit) - Single,https://audio-ssl.itunes.apple.com/itunes-assets/AudioPreview115/v4/56/70/0c/56700c02-9ac3-4393-406c-0743a768f537/mzaf_11417026053719722044.plus.aac.p.m4a,disco music
p0927.ogg,Top Girls,Nie Jestem Taka,Nie Jestem Taka - Single,https://audio-ssl.itunes.apple.com/itunes-assets/AudioPreview115/v4/c3/73/b1/c373b1c8-273a-f2c9-3ad2-cfe1fdfea246/mzaf_2193894853301444032.plus.aac.p.m4a,disco music
p0928.ogg,Adrian Younge,Afro-Disco Makossa,Afro-Disco Makossa - EP,https://audio-ssl.itunes.apple.com/itunes-assets/AudioPreview211/v4/b3/60/3e/b3603ed1-1af6-5e3b-93ea-251e6fb4434b/mzaf_17855772537783968793.plus.aac.p.m4a,disco music
p0929.ogg,The Michael Zager Band,Let's All Chant,Let's All Chant,https://audio-ssl.itunes.apple.com/itunes-assets/AudioPreview125/v4/84/55/44/845544c3-43cb-6c2a-efb7-cb90d1a0ef60/mzaf_1691531784268522248.plus.aac.p.m4a,disco music
p0930.ogg,Walter Murphy,A Fifth of Beethoven,A Fifth of Beethoven,https://audio-ssl.itunes.apple.com/itunes-assets/AudioPreview115/v4/de/a1/3f/dea13fcf-73a0-803f-0480-325f0a21dad3/mzaf_14560317965682936054.plus.aac.p.m4a,disco music
p0931.ogg,Ken Laszlo,Hey Hey Guy (First original version 1983),Dancing Together,https://audio-ssl.itunes.apple.com/itunes-assets/AudioPreview125/v4/62/c4/e2/62c4e240-b881-49b1-e2c1-874a082a896f/mzaf_14232792312678040186.plus.aac.p.m4a,disco music
p0932.ogg,The Jacksons,Blame It On the Boogie,The Essential Michael Jackson,https://audio-ssl.itunes.apple.com/itunes-assets/AudioPreview221/v4/48/d2/d1/48d2d19c-a5c1-207f-77e0-dfdf6db3c73f/mzaf_14563505482441562163.plus.aac.p.m4a,disco music
p0933.ogg,Milano,O Tobie Kochana,O Tobie Kochana - Single,https://audio-ssl.itunes.apple.com/itunes-assets/AudioPreview125/v4/b6/e4/02/b6e4029f-f587-d90c-a531-bef0d4e72fa4/mzaf_15620544943241410847.plus.aac.p.m4a,disco music
p0934.ogg,Mejk,Tańczę z Nim do Rana,Tańczę z Nim do Rana - Single,https://audio-ssl.itunes.apple.com/itunes-assets/AudioPreview125/v4/ce/e6/42/cee64226-ea67-2d40-e70a-8203b1b827f9/mzaf_18022149452182444586.plus.aac.p.m4a,disco music
p0935.ogg,JUMANOV,Disco (feat. Akmalov),Cosmos - Single,https://audio-ssl.itunes.apple.com/itunes-assets/AudioPreview221/v4/71/d9/fa/71d9fa01-d661-8702-de25-2a19591bf16a/mzaf_6119261332057828624.plus.aac.p.m4a,disco music
p0936.ogg,The Hues Corporation,Rock the Boat,Rockin' Soul,https://audio-ssl.itunes.apple.com/itunes-assets/AudioPreview122/v4/83/d0/0e/83d00ea1-8649-6e1b-449d-e4c9b9a74c97/mzaf_7219276757968308926.plus.aac.p.m4a,disco music
p0937.ogg,Andre,Ale Ale Aleksandra,Ale Ale Aleksandra,https://audio-ssl.itunes.apple.com/itunes-assets/AudioPreview125/v4/cc/73/41/cc7341cc-84f9-bc7e-0796-cbf8ed488a7e/mzaf_12999342953501745834.plus.aac.p.m4a,disco music
p0938.ogg,DJ Disco,Szalona ruda [feat. MC Polo] [Radio Edit],Szalona ruda [feat. MC Polo] [Radio Edit] - Single,https://audio-ssl.itunes.apple.com/itunes-assets/AudioPreview125/v4/44/55/6d/44556d3f-f455-be5c-a9f2-c3ef49b60ad5/mzaf_11454479592104196222.plus.aac.p.m4a,disco music
p0939.ogg,SKIY,Disco,Disco - Single,https://audio-ssl.itunes.apple.com/itunes-assets/AudioPreview211/v4/4d/d3/76/4dd37632-7878-d059-d7b0-966385dc7d06/mzaf_5571556835102243350.plus.aac.p.m4a,disco music
p0940.ogg,Ivan,Fotonovela,Lo Mejor de Iván,https://audio-ssl.itunes.apple.com/itunes-assets/AudioPreview115/v4/74/6c/ae/746caece-746e-022e-e758-6fe14c4d3d2b/mzaf_4094834940063582443.plus.aac.p.m4a,disco music
p0941.ogg,Crossfade,Disco,Crossfade,https://audio-ssl.itunes.apple.com/itunes-assets/AudioPreview125/v4/7b/65/60/7b65602b-bcbc-4cba-b78c-e8e55c7728d7/mzaf_6220090836988946258.plus.aac.p.m4a,disco music
p0942.ogg,Turnstile,Disco,Time & Space,https://audio-ssl.itunes.apple.com/itunes-assets/AudioPreview115/v4/7a/17/8d/7a178d38-ffb9-678b-092c-da429a117899/mzaf_778383666354712061.plus.aac.p.m4a,disco music
p0943.ogg,Skolim & Dance 2 Disco,Lepszy Sen,Lepszy Sen - Single,https://audio-ssl.itunes.apple.com/itunes-assets/AudioPreview211/v4/38/c6/7b/38c67bb7-190a-4614-f14a-37c4c772b68f/mzaf_3915954068043975776.plus.aac.p.m4a,disco music
p0944.ogg,Alexander Robotnick,Problèmes d'amour (Original Version),Problèmes d'amour,https://audio-ssl.itunes.apple.com/itunes-assets/AudioPreview125/v4/cc/7d/ba/cc7dbaca-6f89-70e9-3fef-7b0665f5c3e4/mzaf_6065004260860801553.plus.aac.p.m4a,disco music
p0945.ogg,Amii Stewart,"Knock on Wood (7"" Edit)",Knock on Wood: The Anthology,https://audio-ssl.itunes.apple.com/itunes-assets/AudioPreview126/v4/b3/ce/85/b3ce858f-de83-6af6-5225-82e9fcd43d61/mzaf_8953851703013924215.plus.aac.p.m4a,disco music
p0946.ogg,Discoboys,Zarąbista Blondi,Zarąbista Blondi - Single,https://audio-ssl.itunes.apple.com/itunes-assets/AudioPreview126/v4/2f/23/94/2f2394bd-7a13-3aa9-3609-cdeba20599d6/mzaf_8108977428556173709.plus.aac.p.m4a,disco music
p0947.ogg,Atomic,Cztery Osiemnastki,Disco Polo (Original Motion Picture Soundtrack),https://audio-ssl.itunes.apple.com/itunes-assets/AudioPreview125/v4/bf/d3/8a/bfd38a72-0922-5886-8d9c-40d0dcb34066/mzaf_77672554690537250.plus.aac.p.m4a,disco music
p0948.ogg,"Armand Van Helden, Mark Knight & D.Ramirez",You,You - Single,https://audio-ssl.itunes.apple.com/itunes-assets/AudioPreview211/v4/fa/77/27/fa77276c-dfe9-31a1-3497-faaa73803996/mzaf_1113855454170891025.plus.aac.p.m4a,disco music
p0949.ogg,Łobuzy & Piękny Dawid,Łobuz Kocha Najbardziej,Łobuz Kocha Najbardziej - Single,https://audio-ssl.itunes.apple.com/itunes-assets/AudioPreview221/v4/9e/89/bc/9e89bcb0-dc50-ee68-09c1-bae09557d194/mzaf_18168521001876803537.plus.aac.p.m4a,disco music
p0950.ogg,Sheila,Spacer (Version Longue),King of the World,https://audio-ssl.itunes.apple.com/itunes-assets/AudioPreview112/v4/5e/aa/35/5eaa35ca-8966-32a8-6042-61ee88733f44/mzaf_3551040028727647464.plus.aac.p.m4a,disco music
p0951.ogg,The Trammps,Disco Inferno (Single Edit),Rhino Hi-Five: Black History Months Songs 3 - EP,https://audio-ssl.itunes.apple.com/itunes-assets/AudioPreview221/v4/b6/ab/7e/b6ab7e9c-247b-af70-0942-9732c63817ea/mzaf_2831677509275804004.plus.aac.p.m4a,disco music
p0952.ogg,Borys LBD,Jessica,Jessica - Single,https://audio-ssl.itunes.apple.com/itunes-assets/AudioPreview125/v4/b8/75/bd/b875bdc1-ec75-6f0c-b4fb-38535662663e/mzaf_12346183832130579654.plus.aac.p.m4a,disco music
p0953.ogg,Ronnie Ferrari,Chciałbym byś,Chciałbym byś - Single,https://audio-ssl.itunes.apple.com/itunes-assets/AudioPreview221/v4/b2/66/dc/b266dc7e-62e6-05ff-9369-5cb4a5d14e10/mzaf_512136848394998726.plus.aac.p.m4a,disco music
p0954.ogg,Classic,Hej czy Ty Wiesz,Hej czy Ty Wiesz - Single,https://audio-ssl.itunes.apple.com/itunes-assets/AudioPreview115/v4/19/e5/df/19e5df72-cffe-02b2-298c-8df930e7f9b0/mzaf_7570487960867249649.plus.aac.p.m4a,disco music
p0955.ogg,Łobuzy & Joanna Krupa,Dżoana,Dżoana - Single,https://audio-ssl.itunes.apple.com/itunes-assets/AudioPreview221/v4/21/bf/bf/21bfbf59-f78c-8eb3-04ea-e9bbb9ed505d/mzaf_11986004160407157824.plus.aac.p.m4a,disco music
p0956.ogg,The Weather Girls,It's Raining Men,Super Hits,https://audio-ssl.itunes.apple.com/itunes-assets/AudioPreview115/v4/36/63/b9/3663b9a7-f0da-a5d8-adaf-30a947523574/mzaf_13973184486416000565.plus.aac.p.m4a,disco music
p0957.ogg,Cerrone,Supernature (Edit),The Best of Cerrone Productions,https://audio-ssl.itunes.apple.com/itunes-assets/AudioPreview115/v4/d9/55/c5/d955c5ad-89dc-af9f-d606-7db93cfd6036/mzaf_1263624030091042535.plus.aac.p.m4a,disco music
p0958.ogg,Eddie Johns,More Spell On You,More Spell On You,https://audio-ssl.itunes.apple.com/itunes-assets/AudioPreview125/v4/9d/24/89/9d248914-d061-c53e-da1f-9d73dfde8f21/mzaf_14854376641914155555.plus.aac.p.m4a,disco music
p0959.ogg,Bayer Full & Boys,Szalona Blondynka,Szalona Blondynka - Single,https://audio-ssl.itunes.apple.com/itunes-assets/AudioPreview115/v4/83/6f/78/836f7811-ca07-b3cf-6e1e-bc24c9c05498/mzaf_13580886694091494659.plus.aac.p.m4a,disco music
p0960.ogg,Carol Douglas,Doctor's Orders,The Carol Douglas Album,https://audio-ssl.itunes.apple.com/itunes-assets/AudioPreview221/v4/6a/0f/a7/6a0fa7eb-bda3-ca20-7c4b-923a3a83e67b/mzaf_1365174514947431766.plus.aac.p.m4a,disco music
p0961.ogg,Łobuzy & Topky,Nie robią już takich,Nie robią już takich - Single,https://audio-ssl.itunes.apple.com/itunes-assets/AudioPreview221/v4/af/cc/cb/afcccb94-b343-fbdf-756e-2e9da1117000/mzaf_10494665732634152468.plus.aac.p.m4a,disco music
p0962.ogg,Benny Sings,Disco,Beat Tape,https://audio-ssl.itunes.apple.com/itunes-assets/AudioPreview221/v4/2f/7a/15/2f7a159e-c9ef-cf74-de74-ef19a1d18ba2/mzaf_10104622538582178207.plus.aac.p.m4a,disco music
p0963.ogg,Pirro,Disco Music,Disco EP,https://audio-ssl.itunes.apple.com/itunes-assets/AudioPreview122/v4/00/47/f7/0047f760-570a-4707-7645-cd9d33fad99d/mzaf_4898012135826572219.plus.aac.p.m4a,disco music
p0964.ogg,Skaner,Nadzieja,Disco Polo: Zwariowane lata 90,https://audio-ssl.itunes.apple.com/itunes-assets/AudioPreview116/v4/2e/75/1c/2e751cda-68c2-c713-d13a-72362c3a844b/mzaf_17649602350099263930.plus.aac.p.m4a,disco music
p0965.ogg,KC and the Sunshine Band,Get Down Tonight,The Very Best of KC and the Sunshine Band,https://audio-ssl.itunes.apple.com/itunes-assets/AudioPreview122/v4/8b/8f/bb/8b8fbb29-ecdc-8db9-e0b5-37706c9ba805/mzaf_1664891519808459088.plus.aac.p.m4a,disco music
p0966.ogg,Charli xcx,Rock Music,Rock Music - Single,https://audio-ssl.itunes.apple.com/itunes-assets/AudioPreview221/v4/c4/d8/8f/c4d88fea-b85b-8d85-a084-ea80f437350d/mzaf_4068123841113580300.plus.aac.p.m4a,rock music
p0967.ogg,Pixies,Rock Music,Bossanova,https://audio-ssl.itunes.apple.com/itunes-assets/AudioPreview211/v4/25/4a/89/254a899a-a261-c302-407c-b59fa42c4f52/mzaf_3335583480597753188.plus.aac.p.m4a,rock music
p0968.ogg,Theory of a Deadman,Funeral Song,Part 1: Funeral Songs - EP,https://audio-ssl.itunes.apple.com/itunes-assets/AudioPreview221/v4/7e/f7/5b/7ef75b93-9e7c-bd05-28d9-9188f6fba692/mzaf_17274789087940339753.plus.aac.p.m4a,rock music
p0969.ogg,In This Moment,Crawl,Witch,https://audio-ssl.itunes.apple.com/itunes-assets/AudioPreview221/v4/6e/c0/af/6ec0af96-3286-63c7-3877-17905a164e1a/mzaf_1798564483119031735.plus.aac.p.m4a,rock music
p0970.ogg,In This Moment & Kim Dracula,Heretic (feat. Kim Dracula),Witch,https://audio-ssl.itunes.apple.com/itunes-assets/AudioPreview211/v4/0f/c0/52/0fc052f6-ed88-70a0-14c8-288acffe9c0a/mzaf_1059891908980086756.plus.aac.p.m4a,rock music
p0971.ogg,Nightwish,Music,HUMAN. :II: NATURE.,https://audio-ssl.itunes.apple.com/itunes-assets/AudioPreview211/v4/2c/7a/c8/2c7ac80f-ebb4-df2a-bfb4-7176990353b5/mzaf_15878637460273485054.plus.aac.p.m4a,rock music
p0972.ogg,Męskie Granie Orkiestra,"Sobie i Wam (feat. Nosowska, Igo, Organek & Krzysztof Zalewski)","Sobie i Wam (feat. Nosowska, Igo, Organek & Krzysztof Zalewski) - Single",https://audio-ssl.itunes.apple.com/itunes-assets/AudioPreview115/v4/1c/84/61/1c846187-d114-e6dc-05b4-775c50fb0341/mzaf_11907674084994005976.plus.aac.p.m4a,rock music
p0973.ogg,Loathe,Fortress Down,A Stranger To You,https://audio-ssl.itunes.apple.com/itunes-assets/AudioPreview221/v4/df/6d/b0/df6db0a6-d39e-6b7f-7bf9-082b91ce51eb/mzaf_7969612984179826209.plus.aac.p.m4a,rock music
p0974.ogg,Nickelback,How You Remind Me,Silver Side Up,https://audio-ssl.itunes.apple.com/itunes-assets/AudioPreview116/v4/8b/72/4f/8b724fde-05f2-edbf-f063-8024ea7a8565/mzaf_6187035033277088785.plus.aac.p.m4a,rock music
p0975.ogg,Rammstein,Ausländer,Rammstein,https://audio-ssl.itunes.apple.com/itunes-assets/AudioPreview122/v4/5b/f2/2f/5bf22f54-3409-f752-c130-51523ad57cef/mzaf_5289451647065375525.plus.aac.p.m4a,rock music
p0976.ogg,LINKIN PARK,BURN IT DOWN,LIVING THINGS,https://audio-ssl.itunes.apple.com/itunes-assets/AudioPreview125/v4/03/bd/20/03bd20e8-d59b-6aa1-8206-a543a669e3a6/mzaf_7293207381877726208.plus.aac.p.m4a,rock music
p0977.ogg,Hey,Moja i Twoja Nadzieja (feat. Edyta Bartosiewicz),Fire,https://audio-ssl.itunes.apple.com/itunes-assets/AudioPreview125/v4/23/73/0e/23730e9d-5b97-098b-6fdd-4caede8fa8fd/mzaf_4201681341030399619.plus.aac.p.m4a,rock music
p0978.ogg,Glass Animals,Heat Waves,Dreamland,https://audio-ssl.itunes.apple.com/itunes-assets/AudioPreview221/v4/a3/4c/b9/a34cb911-40fc-5f0c-e862-14bd171a77aa/mzaf_384792072030970151.plus.aac.p.m4a,rock music
p0979.ogg,Krzysztof Zalewski,Kurier,Kurier - Single,https://audio-ssl.itunes.apple.com/itunes-assets/AudioPreview115/v4/5a/60/5a/5a605aa0-d4b5-31a5-df29-61fd0a45f2fb/mzaf_6435294527456121425.plus.aac.p.m4a,rock music
p0980.ogg,Tesla,Bring It On Home,Homage,https://audio-ssl.itunes.apple.com/itunes-assets/AudioPreview221/v4/a2/cc/fe/a2ccfefe-1cba-a8f6-b357-27948ed5e3c8/mzaf_10416097728783085079.plus.aac.p.m4a,rock music
p0981.ogg,Myslovitz,Dla Ciebie,Miłość w czasach popkultury,https://audio-ssl.itunes.apple.com/itunes-assets/AudioPreview125/v4/3c/59/0c/3c590ca0-4c9a-45b2-8d3e-2c2ec6e9b7fc/mzaf_15949386350105268405.plus.aac.p.m4a,rock music
p0982.ogg,twenty one pilots,Stressed Out,Blurryface,https://audio-ssl.itunes.apple.com/itunes-assets/AudioPreview221/v4/a9/74/e8/a974e8f2-0693-9371-bb6c-87047a486254/mzaf_1898989387861959316.plus.aac.p.m4a,rock music
p0983.ogg,Perfect,Autobiografia,Unu,https://audio-ssl.itunes.apple.com/itunes-assets/AudioPreview125/v4/d8/e8/b3/d8e8b3fe-2f38-dc69-f03b-e78dc5455208/mzaf_1953428505830599320.plus.aac.p.m4a,rock music
p0984.ogg,AC/DC,Shoot to Thrill,Back In Black,https://audio-ssl.itunes.apple.com/itunes-assets/AudioPreview125/v4/c8/89/a4/c889a4e7-c64b-fe03-0eea-875717789bbf/mzaf_8441353678844219329.plus.aac.p.m4a,rock music
p0985.ogg,Cutting Crew,(I Just) Died in Your Arms,Broadcast,https://audio-ssl.itunes.apple.com/itunes-assets/AudioPreview211/v4/00/52/f2/0052f2f4-bb4b-9d6a-f30a-37892cb0addd/mzaf_16066205061048806075.plus.aac.p.m4a,rock music
p0986.ogg,Bajm,Biala Armia,Biala Armia,https://audio-ssl.itunes.apple.com/itunes-assets/AudioPreview126/v4/4e/22/d2/4e22d262-ed8a-1470-88e4-9f8fe2cf186d/mzaf_11974573832398030596.plus.aac.p.m4a,rock music
p0987.ogg,Van Halen,Jump,1984,https://audio-ssl.itunes.apple.com/itunes-assets/AudioPreview125/v4/cc/2f/d0/cc2fd073-8d0c-4a7d-630c-64639fbb56e1/mzaf_15726260092255257970.plus.aac.p.m4a,rock music
p0988.ogg,Joan Jett & The Blackhearts,I Love Rock 'N Roll,I Love Rock 'N' Roll (Expanded Edition),https://audio-ssl.itunes.apple.com/itunes-assets/AudioPreview221/v4/3a/3f/67/3a3f67cf-2d47-2ab2-66a2-368fad813e0e/mzaf_2591657320565347448.plus.aac.p.m4a,rock music
p0989.ogg,Kult,Baranek,Tata Kazika,https://audio-ssl.itunes.apple.com/itunes-assets/AudioPreview125/v4/0e/47/44/0e474468-16b2-7d1a-538f-4eaee711894c/mzaf_10231674270312237089.plus.aac.p.m4a,rock music
p0990.ogg,Slipknot,The Devil In I,.5: The Gray Chapter (Special Edition),https://audio-ssl.itunes.apple.com/itunes-assets/AudioPreview125/v4/99/4a/6f/994a6f08-b023-db68-d8ed-a8f99d05e4cd/mzaf_14732455551706323628.plus.aac.p.m4a,rock music
p0991.ogg,Shlohmo,Rock Music,The End,https://audio-ssl.itunes.apple.com/itunes-assets/AudioPreview115/v4/a4/22/c1/a422c1a8-edb5-2522-f513-43545d1e3e4d/mzaf_13202442617164746071.plus.aac.p.m4a,rock music
p0992.ogg,Coma,Spadam,Pierwsze Wyjscie z Mroku,https://audio-ssl.itunes.apple.com/itunes-assets/AudioPreview115/v4/c8/82/8c/c8828c30-1fcf-586c-d336-3dc9a1d299e4/mzaf_1900160051159538158.plus.aac.p.m4a,rock music
p0993.ogg,Elektryczne Gitary,Dzieci Wybiegly,Stare Jak Nowe. 25 Przebojow Na 25-lecie,https://audio-ssl.itunes.apple.com/itunes-assets/AudioPreview122/v4/dd/08/33/dd0833e5-994a-a842-2968-e854d45ce2e7/mzaf_16233718695428652445.plus.aac.p.m4a,rock music
p0994.ogg,Foo Fighters,The Pretender,"Echoes, Silence, Patience & Grace",https://audio-ssl.itunes.apple.com/itunes-assets/AudioPreview221/v4/5f/41/f8/5f41f86a-1d7a-0c1e-7b29-55cd5fa40c4c/mzaf_1876575708645472937.plus.aac.p.m4a,rock music
p0995.ogg,Lady Pank,Mniej niż zero,Lady Pank,https://audio-ssl.itunes.apple.com/itunes-assets/AudioPreview125/v4/7c/58/a3/7c58a34b-96d1-d76d-3d75-1e298b55ed1c/mzaf_15634670855863953419.plus.aac.p.m4a,rock music
p0996.ogg,Daria Zawiałow,Kundel Bury,A Kysz! (Deluxe Edition),https://audio-ssl.itunes.apple.com/itunes-assets/AudioPreview115/v4/12/b4/e7/12b4e7e2-79a2-a064-d2ab-a1339f19c9b3/mzaf_4323844618043431077.plus.aac.p.m4a,rock music
p0997.ogg,Nirvana,Heart-Shaped Box,In Utero (20th Anniversary Edition),https://audio-ssl.itunes.apple.com/itunes-assets/AudioPreview115/v4/c2/e6/8c/c2e68c1c-f722-e98d-1f0e-64ccc75ee60b/mzaf_6980430959019315343.plus.aac.p.m4a,rock music
p0998.ogg,IRA,Nadzieja,Mój Dom,https://audio-ssl.itunes.apple.com/itunes-assets/AudioPreview115/v4/90/fd/ab/90fdabf6-2e94-4427-ae98-de9f8a30a2c5/mzaf_15715434920815809913.plus.aac.p.m4a,rock music
p0999.ogg,Męskie Granie Orkiestra & Smolik,Elektryczny (feat. Brodka & Dawid Podsiadło),Elektryczny (feat. Brodka & Dawid Podsiadło) - Single,https://audio-ssl.itunes.apple.com/itunes-assets/AudioPreview125/v4/7b/d3/b7/7bd3b7e1-cc43-66fc-9c93-6f86cd5b4347/mzaf_5895099785841762049.plus.aac.p.m4a,rock music
p1000.ogg,Skillet,Monster,Awake (Deluxe Version),https://audio-ssl.itunes.apple.com/itunes-assets/AudioPreview221/v4/d1/71/68/d17168e3-9d66-5bd6-ac5a-024a3583f2c1/mzaf_6175090266415720741.plus.aac.p.m4a,rock music
